FighterA,FighterB,ReachA,ReachB,HeightA,HeightB,WeightA,WeightB,AgeA,AgeB,WinsA,WinsB,LossesA,LossesB,DrawsA,DrawsB,TotalFightsA,TotalFightsB,WinPercA,WinPercB,KOPercA,KOPercB,RecentWinsA,RecentWinsB,RecentWinPercA,RecentWinPercB,TimeSinceLastFightA,TimeSinceLastFightB,PunchAccuracyA,PunchAccuracyB,PunchesLandedPerRoundA,PunchesLandedPerRoundB,PunchesAbsorbedPerRoundA,PunchesAbsorbedPerRoundB,DefensePercA,DefensePercB,AvgOpponentWinPercA,AvgOpponentWinPercB,StrengthOfScheduleA,StrengthOfScheduleB,StanceA,StanceB,WeightClassA,WeightClassB,TitleFight,LocationAdvantage,Result
Dmitry Bivol,Canelo Alvarez,183,179,183,171,174.0,174.0,31,31,19,57,0,2,0,2,19.0,61.0,1.0,0.9,0.53,0.65,5.0,5.0,1.0,1.0,180,175,35,33,10,13,5,7,60.0,55.0,0.7,0.78,8,10,Orthodox,Orthodox,LightHeavyweight,LightHeavyweight,1,0.0,1.0
Muhammad Ali,Joe Frazier,198,187,191,182,215.0,205.5,29,27,56,32,5,4,0,1,61.0,37.0,0.92,0.87,0.61,0.84,5.0,5.0,1.0,1.0,120,120,32,28,13,17,5,12,55.0,48.0,0.76,0.74,10,9,Orthodox,Orthodox,Heavyweight,Heavyweight,1,0.0,0.0
Thomas Hearns,Marvin Hagler,198,191,185,178,159.5,159.0,26,30,61,62,5,3,1,2,67.0,67.0,0.91,0.93,0.75,0.78,5.0,5.0,1.0,1.0,120,120,35,32,25,27,14,12,52.0,54.0,0.74,0.76,9,10,Orthodox,Southpaw,Middleweight,Middleweight,1,0.0,0.0
Floyd Mayweather,Manny Pacquiao,183,170,173,165,154.0,154.0,38,36,50,62,0,8,0,2,50.0,72.0,1.0,0.86,0.55,0.65,5.0,5.0,1.0,1.0,120,120,43,35,20,22,9,13,60.0,52.0,0.78,0.76,10,10,Orthodox,Southpaw,Welterweight,Welterweight,1,0.0,1.0
Lennox Lewis,Vitali Klitschko,213,201,196,201,244.0,248.5,37,31,41,45,2,2,1,0,44.0,47.0,0.93,0.96,0.73,0.87,5.0,5.0,1.0,1.0,120,120,33,32,16,17,10,8,56.0,58.0,0.75,0.72,10,9,Orthodox,Orthodox,Heavyweight,Heavyweight,1,0.0,1.0
Rocky Marciano,Jersey Joe Walcott,170,188,178,183,184.0,196.5,29,38,49,51,0,18,0,2,49.0,71.0,1.0,0.72,0.87,0.58,5.0,5.0,1.0,1.0,120,120,31,30,17,13,10,12,54.0,52.0,0.7,0.68,8,8,Orthodox,Orthodox,Heavyweight,Heavyweight,1,0.0,1.0
Prince Naseem Hamed,Kevin Kelley,160,180,160,170,154.0,154.0,23,30,36,60,1,10,0,2,37.0,72.0,0.97,0.83,0.8,0.7,5.0,5.0,1.0,1.0,120,120,34,32,22,20,12,15,54.0,49.0,0.7,0.68,8,7,Orthodox,Orthodox,Featherweight,Featherweight,1,0.0,1.0
Roy Jones Jr.,James Toney,188,188,180,175,168.0,168.0,25,26,66,77,9,10,0,3,75.0,90.0,0.88,0.86,0.63,0.6,5.0,5.0,1.0,1.0,120,120,36,33,24,23,11,12,58.0,56.0,0.74,0.73,9,9,Orthodox,Orthodox,SuperMiddleweight,SuperMiddleweight,1,0.0,1.0
Shane Mosley,Fernando Vargas,188,188,175,178,152.0,153.0,34,28,49,26,10,5,1,0,60.0,31.0,0.82,0.84,0.59,0.69,4.0,4.0,0.8,0.8,150,150,34,32,22,21,13,15,52.0,48.0,0.72,0.7,8,8,Orthodox,Orthodox,SuperWelterweight,SuperWelterweight,0,0.0,1.0
Oleksandr Usyk,Anthony Joshua,198,208,191,198,221.0,240.0,34,31,22,28,0,3,0,0,22.0,31.0,1.0,0.9,0.64,0.88,5.0,4.0,1.0,0.8,120,180,34,34,18,17,9,11,60.0,55.0,0.76,0.72,10,9,Southpaw,Orthodox,Heavyweight,Heavyweight,1,0.0,1.0
Terence Crawford,Errol Spence Jr.,188,183,173,175,154.0,154.0,35,33,41,28,0,1,0,0,41.0,29.0,1.0,0.97,0.73,0.78,5.0,5.0,1.0,1.0,120,120,36,33,22,21,10,12,58.0,54.0,0.76,0.74,10,9,Switch,Southpaw,Welterweight,Welterweight,1,0.0,1.0
Shakur Stevenson,Oscar Valdez,173,168,173,166,154.0,154.0,24,31,21,32,0,2,0,0,21.0,34.0,1.0,0.94,0.5,0.66,5.0,4.0,1.0,0.8,120,150,34,31,18,19,8,12,62.0,52.0,0.72,0.7,8,8,Southpaw,Orthodox,SuperFeatherweight,SuperFeatherweight,1,0.0,1.0
Vasiliy Lomachenko,Teofimo Lopez,166,174,170,173,154.0,154.0,32,23,18,21,3,1,0,0,21.0,22.0,0.86,0.95,0.58,0.75,4.0,5.0,0.8,1.0,180,90,37,31,20,18,9,10,60.0,56.0,0.74,0.7,9,8,Southpaw,Orthodox,Lightweight,Lightweight,1,0.0,0.0
Naoya Inoue,Stephen Fulton,171,179,165,169,154.0,154.0,30,29,27,21,0,1,0,0,27.0,22.0,1.0,0.95,0.88,0.38,5.0,5.0,1.0,1.0,120,120,39,30,23,17,7,9,64.0,58.0,0.72,0.7,9,8,Orthodox,Orthodox,SuperBantamweight,SuperBantamweight,1,0.0,1.0
Mike Tyson,Michael Spinks,180,193,178,185,218.0,212.0,21,31,50,31,6,1,0,0,56.0,32.0,0.89,0.97,0.88,0.78,5.0,5.0,1.0,1.0,120,120,44,34,20,17,10,9,50.0,58.0,0.7,0.72,8,8,Orthodox,Orthodox,Heavyweight,Heavyweight,1,0.0,1.0
Larry Holmes,Gerry Cooney,206,206,191,198,212.0,225.0,32,25,69,28,6,3,0,0,75.0,31.0,0.92,0.9,0.62,0.86,5.0,5.0,1.0,1.0,120,120,32,31,18,17,9,12,60.0,50.0,0.72,0.65,9,7,Orthodox,Orthodox,Heavyweight,Heavyweight,1,0.0,1.0
Salvador Sanchez,Wilfredo Gomez,171,169,170,166,154.0,154.0,22,24,44,44,1,3,1,1,46.0,48.0,0.96,0.92,0.66,0.88,5.0,5.0,1.0,1.0,120,120,33,34,21,22,10,12,58.0,54.0,0.7,0.7,8,8,Orthodox,Orthodox,Featherweight,Featherweight,1,0.0,1.0
Gervonta Davis,Ryan Garcia,171,178,165,178,154.0,154.0,28,24,30,25,0,1,0,0,30.0,26.0,1.0,0.96,0.93,0.8,5.0,4.0,1.0,0.8,120,180,36,33,22,20,10,12,56.0,52.0,0.7,0.65,8,7,Southpaw,Orthodox,Lightweight,Lightweight,0,0.0,1.0
Jaron Ennis,Roiman Villa,188,188,178,178,154.0,154.0,26,30,32,26,0,2,0,0,32.0,28.0,1.0,0.93,0.88,0.65,5.0,4.0,1.0,0.8,120,150,35,30,21,18,9,12,60.0,50.0,0.65,0.6,7,6,Switch,Orthodox,Welterweight,Welterweight,0,0.0,1.0
David Benavidez,Caleb Plant,189,188,188,185,166.8,167.2,26,30,28,22,0,2,0,0,28.0,24.0,1.0,0.92,0.82,0.52,5.0,4.0,1.0,0.8,120,150,34,33,21,19,10,11,56.0,55.0,0.68,0.66,8,8,Orthodox,Orthodox,SuperMiddleweight,SuperMiddleweight,1,0.0,1.0
Zhilei Zhang,Joe Joyce,203,204,198,198,278.5,256.0,39,37,27,16,2,2,1,0,30.0,18.0,0.9,0.89,0.85,0.88,4.0,4.0,0.8,0.8,150,150,33,31,18,19,11,12,54.0,52.0,0.66,0.62,7,6,Southpaw,Orthodox,Heavyweight,Heavyweight,0,0.0,1.0
Tim Tszyu,Tony Harrison,179,193,175,185,153.5,153.2,28,32,23,29,0,4,0,0,23.0,33.0,1.0,0.88,0.74,0.55,5.0,5.0,1.0,1.0,120,150,31,28,18,20,10,12,56.0,52.0,0.7,0.65,7,7,Orthodox,Orthodox,SuperWelterweight,SuperWelterweight,1,0.0,1.0
Vergil Ortiz Jr.,Maurice Hooker,178,203,178,180,154.0,154.0,22,31,16,27,0,1,0,0,16.0,28.0,1.0,0.96,0.94,0.7,5.0,5.0,1.0,1.0,120,150,35,32,21,20,9,11,58.0,54.0,0.7,0.68,7,6,Orthodox,Orthodox,Welterweight,Welterweight,1,0.0,1.0
Jesse Rodriguez,Sunny Edwards,170,152,163,160,154.0,154.0,23,27,17,20,0,1,0,0,17.0,21.0,1.0,0.95,0.8,0.55,5.0,5.0,1.0,1.0,120,150,32,30,18,17,8,9,56.0,52.0,0.68,0.64,6,6,Southpaw,Orthodox,Flyweight,Flyweight,1,0.0,1.0
Chris Eubank Jr.,Liam Smith,184,175,180,177,159.2,159.2,33,34,32,33,0,3,0,0,32.0,36.0,1.0,0.92,0.65,0.61,5.0,5.0,1.0,0.8,120,150,30,28,20,21,11,12,55.0,53.0,0.68,0.66,7,7,Orthodox,Orthodox,Middleweight,Middleweight,0,0.0,0.0
Josh Taylor,Regis Prograis,177,170,178,173,154.0,154.0,28,30,19,24,0,1,0,0,19.0,25.0,1.0,0.96,0.58,0.68,5.0,5.0,1.0,1.0,120,150,33,31,21,20,10,11,57.0,54.0,0.72,0.7,8,8,Southpaw,Southpaw,SuperLightweight,SuperLightweight,1,0.0,1.0
Callum Smith,George Groves,198,188,191,182,167.2,167.2,28,30,24,28,0,4,0,0,24.0,32.0,1.0,0.88,0.79,0.68,5.0,5.0,1.0,0.8,120,150,32,30,19,20,9,11,56.0,52.0,0.7,0.66,7,7,Orthodox,Orthodox,SuperMiddleweight,SuperMiddleweight,1,0.0,1.0
Tony Bellew,Ilunga Makabu,188,188,191,188,199.2,199.2,33,27,27,19,2,2,1,0,30.0,21.0,0.9,0.91,0.73,0.8,5.0,5.0,0.8,1.0,150,150,30,32,21,20,11,12,54.0,52.0,0.68,0.66,7,6,Orthodox,Southpaw,Cruiserweight,Cruiserweight,1,0.0,1.0
Gennady Golovkin,Daniel Jacobs,178,187,179,183,159.6,159.8,34,30,36,32,0,2,0,0,36.0,34.0,1.0,0.94,0.86,0.63,5.0,5.0,1.0,1.0,120,120,34,32,18,20,9,10,58.0,56.0,0.72,0.7,9,8,Orthodox,Orthodox,Middleweight,Middleweight,1,0.0,1.0
Evander Holyfield,Riddick Bowe,198,206,189,196,218.3,246.0,30,25,28,31,0,1,0,0,28.0,32.0,1.0,0.97,0.64,0.74,5.0,5.0,1.0,1.0,120,150,30,33,21,22,13,14,52.0,50.0,0.74,0.72,9,8,Orthodox,Orthodox,Heavyweight,Heavyweight,1,0.0,0.0
Diego Corrales,Jose Luis Castillo,178,175,179,171,154.0,154.0,27,31,33,52,4,8,0,0,37.0,60.0,0.89,0.87,0.72,0.68,5.0,5.0,1.0,1.0,120,150,31,29,24,23,12,14,52.0,50.0,0.7,0.68,8,8,Orthodox,Orthodox,Lightweight,Lightweight,1,0.0,1.0
Erik Morales,Marco Antonio Barrera,183,178,173,168,154.0,154.0,25,27,41,52,1,4,0,0,42.0,56.0,0.98,0.93,0.76,0.71,5.0,5.0,1.0,1.0,120,150,33,31,20,21,12,13,55.0,53.0,0.72,0.7,8,8,Orthodox,Orthodox,SuperBantamweight,SuperBantamweight,1,0.0,0.0
Israel Vazquez,Rafael Marquez,170,173,166,166,154.0,154.0,29,32,43,41,4,6,0,0,47.0,47.0,0.91,0.87,0.77,0.78,5.0,5.0,1.0,1.0,120,150,31,30,22,23,13,14,52.0,50.0,0.7,0.68,7,7,Orthodox,Orthodox,SuperBantamweight,SuperBantamweight,1,0.0,1.0
Miguel Cotto,Zab Judah,170,183,173,170,154.0,154.0,26,29,29,34,0,8,0,0,29.0,42.0,1.0,0.81,0.79,0.73,5.0,5.0,1.0,1.0,120,150,32,30,20,22,10,11,54.0,52.0,0.7,0.66,8,7,Orthodox,Southpaw,Welterweight,Welterweight,1,0.0,1.0
Kelly Pavlik,Jermain Taylor,191,198,189,188,160.0,160.0,25,29,31,27,0,2,0,1,31.0,30.0,1.0,0.9,0.74,0.65,5.0,5.0,1.0,1.0,120,150,32,30,20,21,9,11,56.0,54.0,0.7,0.68,8,7,Orthodox,Orthodox,Middleweight,Middleweight,1,0.0,1.0
Andre Ward,Carl Froch,180,191,183,185,168.0,168.0,27,34,25,28,0,2,0,0,25.0,30.0,1.0,0.93,0.64,0.76,5.0,5.0,1.0,1.0,120,150,34,31,18,20,8,10,60.0,54.0,0.74,0.72,9,9,Orthodox,Orthodox,SuperMiddleweight,SuperMiddleweight,1,0.0,1.0
Juan Manuel Marquez,Juan Diaz,170,170,170,168,154.0,154.0,35,25,48,35,4,4,1,0,53.0,39.0,0.91,0.9,0.68,0.64,5.0,5.0,1.0,1.0,120,150,34,30,19,20,9,11,56.0,52.0,0.72,0.7,8,7,Orthodox,Orthodox,Lightweight,Lightweight,1,0.0,1.0
Antonio Margarito,Miguel Cotto,183,170,180,173,154.0,154.0,30,27,36,32,6,3,0,0,42.0,35.0,0.86,0.91,0.71,0.72,5.0,5.0,1.0,1.0,120,150,33,31,21,20,12,13,54.0,52.0,0.7,0.68,8,8,Orthodox,Orthodox,Welterweight,Welterweight,1,0.0,1.0
Paul Williams,Sergio Martinez,198,185,188,178,159.0,159.0,28,34,37,46,1,3,0,2,38.0,49.0,0.97,0.94,0.76,0.61,5.0,5.0,1.0,1.0,120,150,32,30,21,23,11,12,56.0,54.0,0.7,0.68,8,9,Southpaw,Southpaw,Middleweight,Middleweight,1,0.0,0.0
Nonito Donaire,Guillermo Rigondeaux,173,171,168,163,154.0,154.0,30,32,31,11,1,0,0,0,32.0,11.0,0.97,1.0,0.74,0.55,5.0,5.0,1.0,1.0,120,150,32,31,18,17,9,10,56.0,58.0,0.72,0.76,8,8,Orthodox,Southpaw,SuperBantamweight,SuperBantamweight,1,0.0,0.0
James Kirkland,Alfredo Angulo,178,175,175,177,154.0,154.0,29,29,31,22,1,2,0,0,32.0,24.0,0.97,0.92,0.84,0.77,5.0,5.0,1.0,1.0,120,150,32,30,21,20,11,12,54.0,52.0,0.7,0.66,7,7,Southpaw,Orthodox,SuperWelterweight,SuperWelterweight,1,0.0,1.0
Orlando Salido,Juan Manuel Lopez,170,175,168,166,154.0,154.0,30,27,42,34,12,3,2,0,56.0,37.0,0.75,0.92,0.55,0.7,5.0,5.0,0.6,0.8,210,180,27,29,32,28,50,52,0.6,0.66,6.0,7.0,Orthodox,Southpaw,Featherweight,Featherweight,1,0,1,,
Chad Dawson,Bernard Hopkins,194,180,185,185,174.0,173.0,29,47,32,52,3,5,0,2,35.0,59.0,0.91,0.88,0.66,0.47,5.0,5.0,0.8,0.6,180,365,29,27,26,25,52,55,0.64,0.7,7.0,9.0,Southpaw,Orthodox,LightHeavyweight,LightHeavyweight,1,0,1,,
Amir Khan,Marcos Maidana,180,175,174,170,154.0,154.0,24,27,34,35,6,5,0,0,40.0,40.0,0.85,0.88,0.62,0.89,5.0,5.0,1.0,0.8,120,150,33,28,22,19,19,21,54.0,46.0,0.7,0.66,8,8,Orthodox,Orthodox,LightWelterweight,LightWelterweight,1,0.0,1.0
Andre Berto,Victor Ortiz,174,178,169,175,154.0,154.0,27,24,32,33,6,7,0,3,38.0,43.0,0.84,0.77,0.7,0.72,4.0,4.0,0.8,0.8,120,120,30,29,20,19,23,24,48.0,46.0,0.64,0.62,7,7,Orthodox,Southpaw,Welterweight,Welterweight,1,0.0,0.0
Julio Cesar Chavez Jr.,Sergio Martinez,185,185,183,178,159.0,158.0,26,37,53,51,11,3,1,2,65.0,56.0,0.82,0.91,0.67,0.54,5.0,5.0,1.0,1.0,120,120,31,34,21,25,26,19,48.0,58.0,0.64,0.72,7,9,Orthodox,Southpaw,Middleweight,Middleweight,1,0.0,0.0
Brandon Rios,Mike Alvarado,173,177,173,175,154.0,154.0,26,32,34,40,5,5,1,0,40.0,45.0,0.85,0.89,0.7,0.65,4.0,4.0,0.75,0.75,120,150,31,29,28,26,31,29,45.0,47.0,0.62,0.6,7,7,Orthodox,Orthodox,LightWelterweight,LightWelterweight,0,0.0,1.0
Adonis Stevenson,Chad Dawson,196,194,180,185,174.0,174.0,35,29,29,31,2,3,0,0,31.0,34.0,0.94,0.91,0.84,0.72,5.0,5.0,0.8,0.6,210,180,33,29,18,22,52,48,0.66,0.64,8.0,8.0,Southpaw,Southpaw,LightHeavyweight,LightHeavyweight,1,0,1,,
Robert Guerrero,Andre Berto,178,174,173,169,154.0,154.0,29,29,33,32,6,5,1,0,40.0,37.0,0.82,0.86,0.47,0.54,4.0,5.0,0.75,0.8,365,300,28,30,26,28,52,50,0.62,0.6,7.0,7.0,Southpaw,Orthodox,Welterweight,Welterweight,1,0,1,,
Lucas Matthysse,Lamont Peterson,175,183,168,175,154.0,154.0,30,29,37,35,3,3,0,1,40.0,39.0,0.93,0.9,0.82,0.56,5.0,5.0,0.8,0.6,180,150,31,29,28,27,50,52,0.64,0.62,7.0,7.0,Orthodox,Orthodox,LightWelterweight,LightWelterweight,0,0,1,,
Keith Thurman,Danny Garcia,175,174,171,174,154.0,154.0,28,29,30,37,1,3,0,0,31.0,40.0,0.97,0.93,0.77,0.59,5.0,5.0,0.8,0.8,400,365,32,28,27,29,56,52,0.7,0.68,8.0,8.0,Orthodox,Orthodox,Welterweight,Welterweight,1,0,1,,
Mikkel Kessler,Joe Calzaghe,188,185,183,183,168.0,168.0,28,35,39,43,0,0,0,0,39.0,43.0,1.0,1.0,0.72,0.61,5.0,5.0,1.0,1.0,175,224,32,35,15,20,55,62,0.68,0.72,0.74,0.8,7,10,Orthodox,Southpaw,SuperMiddleweight,SuperMiddleweight,1,0.0,0.0
Arthur Abraham,Edison Miranda,183,197,175,180,175.0,178.0,28,27,26,30,0,2,0,0,26.0,32.0,1.0,0.94,0.81,0.81,2.0,2.0,1.0,1.0,84,162,40,45,30,20,50,55,0.65,0.6,0.55,0.5,0.40,0.42,Orthodox,Orthodox,Middleweight,Middleweight,0,0.0,1.0
Oscar De La Hoya,Shane Mosley,183,188,179,175,154.0,174.0,31,32,32,34,1,0,0,0,33.0,34.0,0.97,1.0,0.81,0.94,5.0,5.0,1.0,1.0,90,120,42,50,35,40,55,60,0.65,0.7,0.5,0.55,0.45,0.40,Orthodox,Orthodox,Welterweight,Welterweight,1,0.0,2.0
Felix Trinidad,Fernando Vargas,183,188,180,178,154.0,154.0,27,22,38,20,1,0,1,0,40.0,20.0,0.95,1.0,0.83,0.75,5.0,5.0,1.0,1.0,120,210,42,40,28,25,25,30,0.68,0.66,0.6,0.55,0.50,0.48,Orthodox,Orthodox,LightMiddleweight,LightMiddleweight,0,0.0,1.0
Ricardo Mayorga,Vernon Forrest,188,184,180,183,158.7,154.0,29,32,25,35,3,1,1,0,29.0,36.0,0.69,0.97,0.68,0.77,5.0,5.0,0.83,0.94,150,140,38,35,22,28,30,26,0.6,0.58,0.55,0.52,0.50,0.48,Orthodox,Orthodox,Welterweight,Welterweight,0,0.0,1.0
Michael Moorer,George Foreman,193,198,188,190,214.0,250.0,26,45,35,73,0,2,0,0,35.0,75.0,1.0,0.97,0.77,0.91,5.0,5.0,1.0,0.94,120,365,30,35,20,25,15,30,0.55,0.5,0.52,0.48,0.50,0.45,Orthodox,Orthodox,Heavyweight,Heavyweight,1,0.0,1.0
Pernell Whitaker,Julio Cesar Chavez,175,185,168,183,154.0,154.0,29,31,40,87,1,0,1,0,41.0,87.0,0.98,1.0,0.53,0.49,5.0,5.0,1.0,1.0,120,180,40,42,18,22,10,18,0.62,0.6,0.58,0.55,0.54,0.52,Southpaw,Orthodox,LightWelterweight,LightWelterweight,1,0.0,2.0
Nigel Benn,Chris Eubank,173,184,173,180,160.0,160.0,26,24,30,25,0,0,1,0,31.0,25.0,1.0,1.0,0.9,0.8,5.0,5.0,1.0,1.0,120,150,45,50,30,35,25,28,0.7,0.68,0.65,0.6,0.58,0.55,Orthodox,Orthodox,Middleweight,Middleweight,1,0.0,1.0
Frank Bruno,Oliver McCall,208,208,191,188,238.0,235.0,33,30,36,28,3,2,0,0,39.0,30.0,0.92,0.93,0.86,0.79,5.0,5.0,0.83,0.93,120,180,35,42,24,30,20,25,0.6,0.58,0.55,0.5,0.48,0.45,Orthodox,Orthodox,Heavyweight,Heavyweight,1,0.0,2.0
Azumah Nelson,Jeff Fenech,173,169,165,170,154.0,154.0,33,28,38,34,2,2,1,0,41.0,36.0,1.0,0.94,0.79,0.59,5.0,5.0,1.0,0.94,150,170,38,45,26,30,15,22,0.65,0.62,0.6,0.55,0.52,0.50,Orthodox,Orthodox,Featherweight,Featherweight,1,0.0,2.0
Tommy Morrison,Ray Mercer,193,196,188,185,228.0,228.0,23,29,28,18,0,0,0,0,28.0,18.0,1.0,1.0,0.96,0.94,5.0,5.0,1.0,1.0,150,180,40,42,25,28,20,22,0.68,0.7,0.66,0.6,0.58,0.55,Orthodox,Orthodox,Heavyweight,Heavyweight,0,0.0,1.0
Cory Spinks,Ricardo Mayorga,180,188,177,180,154.0,158.7,26,30,35,28,3,6,0,0,38.0,34.0,0.92,0.82,0.29,0.62,5.0,5.0,0.8,0.6,180,240,28,32,20,24,10,11,52.0,48.0,0.7,0.68,8,8,Southpaw,Orthodox,Welterweight,Welterweight,1,0.0,1.0
Johnny Tapia,Paulie Ayala,159,168,168,166,154.0,154.0,32,29,59,35,5,3,2,0,66.0,38.0,0.89,0.92,0.55,0.45,5.0,5.0,0.8,0.8,210,180,32,30,19,23,9,10,54.0,50.0,0.72,0.7,8,8,Orthodox,Orthodox,SuperBantamweight,SuperBantamweight,1,0.0,0.0
Genaro Hernandez,Floyd Mayweather Sr.,183,183,180,173,154.0,154.0,29,29,38,28,2,6,0,1,40.0,35.0,0.95,0.8,0.6,0.35,5.0,5.0,0.8,0.6,240,360,30,28,22,26,8,10,56.0,50.0,0.74,0.68,8,8,Orthodox,Orthodox,SuperFeatherweight,SuperFeatherweight,1,0.0,1.0
Michael Carbajal,Humberto Gonzalez,160,165,161,155,154.0,154.0,25,28,49,43,4,3,0,0,53.0,46.0,0.92,0.93,0.62,0.74,5.0,5.0,0.8,0.8,150,180,31,33,21,25,9,10,54.0,50.0,0.72,0.7,8,8,Orthodox,Orthodox,LightFlyweight,LightFlyweight,1,0.0,1.0
Ken Norton,George Foreman,203,198,191,161,220.0,220.0,29,25,42,76,7,5,1,0,50.0,81.0,0.84,0.94,0.6,0.9,5.0,5.0,0.8,0.8,180,180,29,35,23,26,8,10,50.0,52.0,0.68,0.72,8,9,Orthodox,Orthodox,Heavyweight,Heavyweight,1,0.0,0.0
Buster Douglas,Mike Tyson,211,180,192,178,231.0,220.0,30,23,38,37,6,1,1,0,45.0,38.0,0.84,0.97,0.6,0.88,5.0,5.0,0.8,0.8,210,120,30,40,27,18,8,14,52.0,54.0,0.7,0.76,8,9,Orthodox,Orthodox,Heavyweight,Heavyweight,1,0.0,1.0
Ricky Hatton,Jose Luis Castillo,165,175,168,171,154.0,154.0,28,33,43,56,1,8,0,1,44.0,65.0,0.98,0.86,0.68,0.6,5.0,5.0,0.8,0.8,180,240,32,28,24,26,9,11,52.0,50.0,0.72,0.7,8,8,Orthodox,Orthodox,LightWelterweight,LightWelterweight,1,0.0,1.0
Naseem Hamed,Manuel Medina,160,175,160,175,154.0,154.0,22,25,36,67,1,9,0,0,37.0,76.0,0.97,0.88,0.89,0.47,5.0,5.0,0.8,0.8,150,180,33,31,20,26,10,12,54.0,50.0,0.72,0.7,8,9,Southpaw,Orthodox,Featherweight,Featherweight,1,0.0,1.0
Tim Bradley,Devon Alexander,175,175,168,174,154.0,154.0,27,23,33,27,2,1,0,0,35.0,28.0,0.94,0.96,0.46,0.57,5.0,5.0,0.8,0.8,120,180,30,28,22,25,9,10,52.0,50.0,0.7,0.72,8,8,Orthodox,Southpaw,LightWelterweight,LightWelterweight,1,0.0,1.0
David Haye,Nikolai Valuev,198,216,191,213,217.0,316.0,29,36,28,50,4,2,0,0,32.0,52.0,0.88,0.96,0.79,0.64,5.0,5.0,0.8,0.8,240,240,32,28,23,27,10,12,54.0,50.0,0.72,0.7,9,8,Orthodox,Orthodox,Heavyweight,Heavyweight,1,0.0,1.0
Hasim Rahman,Lennox Lewis,201,213,191,196,238.0,244.0,28,36,50,41,9,2,1,1,60.0,44.0,0.83,0.93,0.47,0.7,5.0,5.0,0.8,0.8,180,270,29,34,25,24,9,10,52.0,54.0,0.72,0.74,8,9,Orthodox,Orthodox,Heavyweight,Heavyweight,1,0.0,1.0
Juan Manuel Lopez,Daniel Ponce de Leon,175,178,166,165,154.0,154.0,24,27,34,45,2,7,0,0,36.0,52.0,0.94,0.87,0.79,0.67,5.0,5.0,0.8,0.8,150,240,32,29,20,24,10,11,54.0,50.0,0.72,0.7,8,8,Southpaw,Southpaw,Featherweight,Featherweight,1,0.0,1.0
Jeff Horn,Manny Pacquiao,177,170,175,169,154.0,154.0,29,38,20,59,2,7,1,2,23.0,68.0,0.87,0.87,0.65,0.6,5.0,5.0,0.8,0.8,150,210,29,35,26,23,9,11,52.0,50.0,0.7,0.72,8,9,Orthodox,Southpaw,Welterweight,Welterweight,1,1.0,1.0
Andy Ruiz Jr.,Anthony Joshua,188,208,188,198,268.0,247.0,29,29,34,28,2,3,0,0,36.0,31.0,0.94,0.9,0.61,0.89,5.0,5.0,0.8,0.8,180,240,31,33,27,24,9,10,54.0,52.0,0.72,0.74,8,9,Orthodox,Orthodox,Heavyweight,Heavyweight,1,0.0,1.0
Deontay Wilder,Luis Ortiz,211,198,201,193,214.0,241.0,33,38,42,33,2,3,0,0,44.0,36.0,0.95,0.92,0.91,0.8,5.0,5.0,0.8,0.8,150,210,34,31,25,29,9,10,52.0,50.0,0.7,0.72,9,8,Orthodox,Southpaw,Heavyweight,Heavyweight,1,0.0,1.0
Tyson Fury,Deontay Wilder,216,211,206,201,256.0,231.0,31,34,34,42,0,1,1,1,35.0,44.0,0.97,0.95,0.66,0.91,5.0,5.0,0.8,0.8,180,150,30,34,27,28,10,9,54.0,50.0,0.72,0.7,9,9,Orthodox,Orthodox,Heavyweight,Heavyweight,1,0.0,1.0
Anthony Joshua,Joseph Parker,208,193,198,193,242.0,236.0,28,26,25,33,1,2,0,0,26.0,35.0,0.96,0.94,0.92,0.74,5.0,5.0,0.8,0.8,120,150,32,30,26,23,9,10,52.0,54.0,0.72,0.7,9,8,Orthodox,Orthodox,Heavyweight,Heavyweight,1,0.0,1.0
Sonny Liston,Floyd Patterson,213,180,185,183,214.0,190.0,30,28,50,55,4,8,0,1,54.0,64.0,0.93,0.86,0.8,0.72,5.0,5.0,0.8,0.8,240,210,31,29,22,25,10,9,54.0,50.0,0.74,0.7,9,9,Orthodox,Orthodox,Heavyweight,Heavyweight,1,0.0,1.0
Larry Holmes,Ken Norton,206,203,191,191,220.0,215.0,28,33,69,42,6,7,0,1,75.0,50.0,0.92,0.84,0.7,0.72,5.0,5.0,0.8,0.8,180,210,32,34,24,27,9,10,54.0,52.0,0.74,0.7,9,9,Orthodox,Orthodox,Heavyweight,Heavyweight,1,0.0,1.0
Jack Dempsey,Luis Firpo,185,196,185,161,188.0,216.0,29,25,60,32,6,4,8,0,74.0,36.0,0.81,0.89,0.79,0.7,5.0,5.0,0.8,0.8,240,180,34,32,28,26,9,10,52.0,50.0,0.7,0.72,9,8,Orthodox,Orthodox,Heavyweight,Heavyweight,1,0.0,1.0
Gene Tunney,Jack Dempsey,193,185,183,185,189.0,192.0,29,32,65,60,1,6,0,8,66.0,74.0,0.98,0.81,0.56,0.79,5.0,5.0,0.8,0.8,180,240,28,34,23,28,10,9,54.0,52.0,0.74,0.7,9,9,Orthodox,Orthodox,Heavyweight,Heavyweight,1,0.0,1.0
Ezzard Charles,Jersey Joe Walcott,185,188,183,183,184.0,194.0,27,33,95,51,25,18,1,2,121.0,71.0,0.78,0.72,0.42,0.46,5.0,5.0,0.8,0.8,240,270,30,32,27,25,9,10,52.0,54.0,0.72,0.7,9,9,Orthodox,Orthodox,Heavyweight,Heavyweight,1,0.0,1.0
Rocky Graziano,Tony Zale,174,175,155,173,160.0,160.0,24,33,67,67,11,18,6,2,84.0,87.0,0.8,0.77,0.68,0.7,5.0,5.0,0.8,0.8,150,180,32,34,29,26,9,10,52.0,50.0,0.72,0.7,8,9,Orthodox,Orthodox,Middleweight,Middleweight,1,0.0,1.0
Kid Gavilan,Johnny Bratton,180,180,168,181,154.0,154.0,26,28,108,60,30,20,4,3,142.0,83.0,0.76,0.72,0.37,0.55,5.0,5.0,0.8,0.8,180,240,28,31,25,26,9,10,54.0,50.0,0.74,0.7,8,8,Orthodox,Orthodox,Welterweight,Welterweight,1,0.0,1.0
Carlos Monzon,Nino Benvenuti,193,183,181,206,160.0,160.0,28,32,82,82,3,7,9,0,94.0,89.0,0.87,0.92,0.68,0.61,5.0,5.0,0.8,0.8,240,210,32,30,23,25,9,10,54.0,52.0,0.72,0.74,9,9,Orthodox,Orthodox,Middleweight,Middleweight,1,0.0,1.0
Jake LaMotta,Marcel Cerdan,170,175,173,169,160.0,160.0,27,33,83,110,19,4,5,0,107.0,114.0,0.78,0.95,0.44,0.6,5.0,5.0,0.8,0.8,210,240,29,34,27,28,9,10,52.0,54.0,0.72,0.74,9,9,Orthodox,Orthodox,Middleweight,Middleweight,1,0.0,1.0
Barney Ross,Jimmy McLarnin,170,170,161,181,154.0,154.0,25,28,74,54,4,11,3,4,81.0,69.0,0.91,0.78,0.52,0.6,5.0,5.0,0.8,0.8,180,210,28,30,22,25,10,9,54.0,52.0,0.74,0.7,8,9,Orthodox,Orthodox,LightWelterweight,LightWelterweight,1,0.0,1.0
Sugar Ray Leonard,Wilfred Benitez,188,178,178,178,154.0,154.0,23,20,36,53,3,8,1,1,40.0,62.0,0.9,0.85,0.58,0.44,5.0,5.0,0.8,0.8,120,150,34,29,23,26,10,9,52.0,50.0,0.72,0.7,9,8,Orthodox,Orthodox,Welterweight,Welterweight,1,0.0,1.0
Michael Spinks,Dwight Muhammad Qawi,193,180,185,169,175.0,175.0,26,28,31,41,1,6,0,1,32.0,48.0,0.97,0.85,0.75,0.71,5.0,5.0,0.8,0.8,180,240,32,30,24,27,9,10,54.0,52.0,0.74,0.7,9,8,Orthodox,Orthodox,LightHeavyweight,LightHeavyweight,1,0.0,1.0
Archie Moore,Harold Johnson,191,188,180,181,175.0,175.0,38,28,186,76,23,11,10,2,219.0,89.0,0.85,0.85,0.67,0.55,5.0,5.0,0.8,0.8,240,210,28,30,27,26,9,10,52.0,50.0,0.7,0.72,9,8,Orthodox,Orthodox,LightHeavyweight,LightHeavyweight,1,0.0,1.0
Max Schmeling,Joe Louis,193,193,194,188,192.0,197.0,30,22,56,66,10,3,4,0,70.0,69.0,0.8,0.96,0.6,0.91,5.0,5.0,0.8,0.8,210,120,28,34,27,18,9,11,52.0,54.0,0.7,0.76,8,9,Orthodox,Orthodox,Heavyweight,Heavyweight,1,0.0,0.0
Ingemar Johansson,Floyd Patterson,193,180,168,183,156.5,156.5,196,182,26,24,21,30,2,5,23.0,35.0,0.88,0.83,0.8,0.71,5.0,5.0,0.8,0.8,180,210,28,29,24,22,9,10,52.0,50.0,0.72,0.7,8,9,Orthodox,Orthodox,Heavyweight,Heavyweight,1,0.0,1.0
Sonny Liston,Cleveland Williams,213,198,185,188,160.9,160.9,215,210,27,23,14,12,2,2,39.0,27.0,0.93,0.88,0.85,0.83,5.0,5.0,0.8,0.8,210,180,30,26,26,23,10,9,54.0,52.0,0.74,0.7,9,9,Orthodox,Orthodox,Heavyweight,Heavyweight,1,0.0,1.0
Bobby Chacon,Boom Boom Mancini,163,165,166,164,154.0,154.0,130,135,29,22,23,21,7,3,52.0,24.0,0.79,0.86,0.55,0.7,5.0,5.0,0.8,0.8,150,180,31,27,27,23,8,9,52.0,50.0,0.7,0.72,8,8,Orthodox,Orthodox,Featherweight,Lightweight,1,0.0,1.0
Alexis Arguello,Ray Mancini,183,165,178,164,156.5,154.0,135,135,28,20,23,17,1,0,46.0,18.0,0.92,0.89,0.82,0.85,5.0,5.0,0.8,0.8,150,180,32,26,25,23,9,8,54.0,50.0,0.74,0.7,9,9,Orthodox,Orthodox,Lightweight,Lightweight,1,0.0,1.0
Julio Cesar Chavez,Meldrick Taylor,185,168,183,169,154.0,154.0,140,140,27,23,19,16,0,0,30.0,19.0,0.95,0.87,0.7,0.74,5.0,5.0,0.8,0.8,150,240,28,25,26,23,9,10,54.0,52.0,0.74,0.7,9,9,Orthodox,Orthodox,LightWelterweight,LightWelterweight,1,0.0,1.0
Wilfredo Benitez,Thomas Hearns,178,198,178,185,154.3,160.9,154,154,23,22,17,15,0,0,36.0,21.0,0.85,0.95,0.65,0.9,5.0,5.0,0.8,0.8,120,210,25,23,22,21,9,10,52.0,54.0,0.72,0.74,9,9,Orthodox,Orthodox,LightMiddleweight,LightMiddleweight,0,1.0,0.0
Aaron Pryor,Alexis Arguello,175,183,168,178,154.0,156.5,140,140,27,30,22,23,0,0,37.0,24.0,0.97,0.92,0.81,0.78,5.0,5.0,0.8,0.8,180,240,28,31,26,27,10,9,54.0,52.0,0.74,0.7,9,9,Orthodox,Orthodox,LightWelterweight,LightWelterweight,1,0.0,1.0
Mike McCallum,Donald Curry,198,183,182,179,160.9,152.1,154,154,30,25,22,20,0,0,49.0,27.0,0.94,0.87,0.73,0.78,5.0,5.0,0.8,0.8,150,180,32,26,24,22,9,9,54.0,50.0,0.74,0.72,9,9,Orthodox,Orthodox,LightMiddleweight,LightMiddleweight,1,0.0,1.0
Nigel Benn,Gerald McClellan,173,196,173,185,154.3,158.7,168,168,31,27,22,25,1,0,42.0,31.0,0.81,0.93,0.71,0.85,5.0,5.0,0.8,0.8,180,240,33,29,26,24,9,10,52.0,50.0,0.72,0.7,9,9,Orthodox,Orthodox,SuperMiddleweight,SuperMiddleweight,1,0.0,1.0
Frankie Randall,Julio Cesar Chavez,173,185,175,183,152.1,154.0,140,140,32,31,28,27,1,0,56.0,92.0,0.86,0.98,0.66,0.7,5.0,5.0,0.8,0.8,180,240,34,32,25,29,9,10,52.0,54.0,0.72,0.74,8,9,Orthodox,Orthodox,LightWelterweight,LightWelterweight,1,0.0,1.0
John Mugabi,Marvin Hagler,188,191,174,178,156.5,152.1,160,160,26,31,25,28,0,0,36.0,62.0,0.96,0.89,0.7,0.82,5.0,5.0,0.8,0.8,150,240,27,32,24,26,9,10,52.0,54.0,0.72,0.7,8,9,Orthodox,Southpaw,Middleweight,Middleweight,0,1.0,0.0
Cornelius Boza Edwards,Bobby Chacon,180,163,174,166,154.0,154.0,130,130,26,29,19,20,0,0,45.0,60.0,0.83,0.82,0.71,0.65,5.0,5.0,0.8,0.8,150,180,28,30,24,27,9,8,52.0,50.0,0.7,0.72,8,9,Southpaw,Orthodox,SuperFeatherweight,SuperFeatherweight,0,1.0,0.0
Riddick Bowe,Andrew Golota,206,206,196,181,169.8,169.8,246,240,28,28,22,23,0,0,40.0,28.0,0.88,0.83,0.79,0.7,5.0,5.0,0.8,0.8,180,210,29,29,26,25,9,10,54.0,50.0,0.74,0.72,9,9,Orthodox,Orthodox,Heavyweight,Heavyweight,1,0.0,1.0
David Tua,Ike Ibeabuchi,178,193,174,188,154.3,158.7,237,244,27,25,23,20,0,0,43.0,20.0,0.89,1.0,0.74,0.85,5.0,5.0,0.8,0.8,150,180,29,27,25,24,9,10,52.0,50.0,0.7,0.74,9,9,Orthodox,Orthodox,Heavyweight,Heavyweight,0,1.0,0.0
James Toney,Michael Nunn,188,196,175,188,154.3,160.9,160,160,23,27,20,21,0,0,28.0,36.0,0.95,0.94,0.75,0.85,5.0,5.0,0.8,0.8,180,240,25,29,24,27,9,9,54.0,52.0,0.74,0.7,9,9,Orthodox,Southpaw,Middleweight,Middleweight,1,0.0,1.0
Tony Tucker,Buster Douglas,208,211,196,192,169.8,167.6,220,231,29,27,25,23,0,0,34.0,29.0,0.88,0.83,0.72,0.79,5.0,5.0,0.8,0.8,150,210,30,28,26,25,9,10,52.0,54.0,0.72,0.7,9,9,Orthodox,Orthodox,Heavyweight,Heavyweight,1,0.0,1.0
Trevor Berbick,Pinklon Thomas,198,196,188,191,163.1,165.3,215,217,30,27,22,24,0,0,50.0,31.0,0.83,0.91,0.68,0.75,5.0,5.0,0.8,0.8,210,240,32,28,27,25,9,10,54.0,52.0,0.74,0.7,9,9,Orthodox,Orthodox,Heavyweight,Heavyweight,1,0.0,1.0
Michael Grant,Andrew Golota,218,206,174,200,169.8,169.8,250,240,27,31,22,25,0,0,31.0,37.0,0.85,0.9,0.72,0.74,5.0,5.0,0.8,0.8,150,180,29,32,25,27,9,10,52.0,54.0,0.72,0.7,9,9,Orthodox,Orthodox,Heavyweight,Heavyweight,1,0.0,1.0
Corrie Sanders,Wladimir Klitschko,196,206,193,174,167.6,172.0,225,238,37,27,28,25,0,0,38.0,41.0,0.89,0.91,0.71,0.78,5.0,5.0,0.8,0.8,210,180,38,28,27,26,9,10,52.0,54.0,0.74,0.7,9,9,Southpaw,Orthodox,Heavyweight,Heavyweight,1,0.0,1.0
Lamont Peterson,Amir Khan,183,180,175,174,152.1,152.1,140,140,27,25,17,19,0,0,30.0,26.0,0.82,0.87,0.64,0.7,5.0,5.0,0.8,0.8,150,210,29,27,25,24,9,10,52.0,54.0,0.72,0.7,8,9,Orthodox,Orthodox,LightWelterweight,LightWelterweight,1,0.0,1.0
Ruslan Provodnikov,Mike Alvarado,173,177,187,175,154.0,152.1,140,140,29,32,23,24,0,0,23.0,34.0,0.79,0.8,0.62,0.7,5.0,5.0,0.8,0.8,180,210,31,33,26,27,9,9,54.0,52.0,0.74,0.7,9,9,Orthodox,Orthodox,LightWelterweight,LightWelterweight,1,0.0,1.0
Orlando Canizales,Paul Banke,165,165,163,164,154.0,154.0,118,118,25,26,35,25,0,0,30.0,26.0,0.9,0.85,0.75,0.7,5.0,5.0,0.8,0.8,150,180,28,27,24,23,9,10,52.0,50.0,0.72,0.7,8,9,Orthodox,Orthodox,Bantamweight,Bantamweight,1,0.0,1.0
Wilfredo Gomez,Carlos Zarate,169,170,166,173,154.0,154.0,122,122,23,26,32,54,0,0,32.0,54.0,0.95,0.92,0.8,0.85,5.0,5.0,0.8,0.8,150,180,27,26,23,24,9,10,52.0,50.0,0.74,0.7,8,9,Orthodox,Orthodox,SuperBantamweight,SuperBantamweight,1,0.0,1.0
Eder Jofre,Fighting Harada,173,163,181,160,154.0,154.0,118,118,28,25,60,55,0,0,60.0,55.0,0.92,0.9,0.78,0.72,5.0,5.0,0.8,0.8,150,180,29,28,25,24,9,10,52.0,50.0,0.72,0.7,8,9,Orthodox,Orthodox,Bantamweight,Bantamweight,1,0.0,1.0
Vicente Saldivar,Howard Winstone,169,173,160,165,154.0,154.0,126,126,24,27,37,61,0,0,37.0,61.0,0.88,0.85,0.7,0.72,5.0,5.0,0.8,0.8,150,180,28,27,24,25,9,10,52.0,50.0,0.72,0.7,8,9,Orthodox,Orthodox,Featherweight,Featherweight,1,0.0,1.0
Carlos Ortiz,Ismael Laguna,178,173,170,175,154.0,154.0,135,135,29,25,61,65,0,0,61.0,65.0,0.9,0.88,0.75,0.7,5.0,5.0,0.8,0.8,150,180,30,28,25,24,9,10,52.0,50.0,0.72,0.7,8,9,Orthodox,Orthodox,Lightweight,Lightweight,1,0.0,1.0
Jose Napoles,Curtis Cokes,183,180,171,187,154.3,154.3,147,147,28,29,81,62,0,0,81.0,62.0,0.92,0.9,0.78,0.74,5.0,5.0,0.8,0.8,150,180,29,30,25,26,9,10,52.0,50.0,0.72,0.7,8,9,Orthodox,Orthodox,Welterweight,Welterweight,1,0.0,1.0
Emile Griffith,Benny Paret,183,178,169,161,156.5,152.1,147,147,24,25,25,35,0,0,25.0,35.0,0.88,0.85,0.7,0.68,5.0,5.0,0.8,0.8,150,180,27,26,23,22,9,10,52.0,50.0,0.72,0.7,8,9,Orthodox,Orthodox,Welterweight,Welterweight,1,0.0,1.0
Henry Armstrong,Barney Ross,170,170,166,174,154.0,154.0,135,135,25,27,95,74,0,0,95.0,74.0,0.9,0.88,0.75,0.72,5.0,5.0,0.8,0.8,150,180,26,27,24,25,9,10,52.0,50.0,0.72,0.7,8,9,Orthodox,Orthodox,Lightweight,Lightweight,1,0.0,1.0
Sam Langford,Harry Wills,188,213,168,155,154.0,163.1,190,200,26,24,140,80,0,0,140.0,80.0,0.85,0.88,0.72,0.7,5.0,5.0,0.8,0.8,150,180,28,29,25,24,9,10,52.0,50.0,0.72,0.7,8,9,Orthodox,Orthodox,Heavyweight,Heavyweight,0,1.0,0.0
Jack Johnson,James J. Jeffries,188,194,206,187,158.7,160.9,208,225,32,35,68,61,0,0,68.0,61.0,0.88,0.85,0.78,0.74,5.0,5.0,0.8,0.8,150,180,30,32,26,28,9,10,52.0,50.0,0.72,0.7,8,9,Orthodox,Orthodox,Heavyweight,Heavyweight,1,0.0,1.0
Bob Foster,Joe Frazier,201,187,191,182,163.1,156.5,175,205,30,26,56,32,0,0,56.0,32.0,0.9,0.87,0.7,0.72,5.0,5.0,0.8,0.8,150,180,28,29,25,24,9,10,52.0,50.0,0.72,0.7,8,9,Orthodox,Orthodox,LightHeavyweight,Heavyweight,0,1.0,0.0
Sonny Liston,Eddie Machen,213,191,185,181,160.9,163.1,215,200,27,28,35,50,0,0,35.0,50.0,0.92,0.88,0.78,0.74,5.0,5.0,0.8,0.8,150,180,29,28,26,25,9,10,52.0,50.0,0.72,0.7,8,9,Orthodox,Orthodox,Heavyweight,Heavyweight,1,0.0,1.0
Joe Walcott,Ezzard Charles,188,185,183,183,158.7,158.7,190,184,29,27,66,61,0,0,66.0,61.0,0.88,0.85,0.72,0.7,5.0,5.0,0.8,0.8,150,180,30,29,25,24,9,10,52.0,50.0,0.72,0.7,8,9,Orthodox,Orthodox,Middleweight,Middleweight,0,1.0,0.0
Ruben Olivares,Chucho Castillo,170,178,166,163,154.0,154.0,118,118,22,26,61,47,0,0,61.0,47.0,0.9,0.88,0.75,0.7,5.0,5.0,0.8,0.8,150,180,27,26,24,23,9,10,52.0,50.0,0.72,0.7,8,9,Orthodox,Orthodox,Bantamweight,Bantamweight,1,0.0,1.0
Carlos Palomino,Wilfred Benitez,181,178,177,178,154.3,154.3,147,147,27,20,31,38,0,0,31.0,38.0,0.88,0.85,0.7,0.72,5.0,5.0,0.8,0.8,150,180,28,27,24,25,9,10,52.0,50.0,0.72,0.7,8,9,Orthodox,Orthodox,Welterweight,LightMiddleweight,0,1.0,0.0
Oscar De La Hoya,Felix Trinidad,185,183,179,180,154.0,156.5,147,147,26,26,31,35,0,0,31.0,35.0,0.9,0.88,0.72,0.7,5.0,5.0,0.8,0.8,150,180,27,28,25,24,9,10,52.0,50.0,0.72,0.7,8,9,Orthodox,Orthodox,Welterweight,Welterweight,0,1.0,0.0
Ricardo Lopez,Rosendo Alvarez,163,165,165,165,154.0,154.0,105,105,30,23,47,24,0,0,47.0,24.0,0.92,0.9,0.78,0.72,5.0,5.0,0.8,0.8,150,180,26,25,24,23,9,10,52.0,50.0,0.72,0.7,8,9,Orthodox,Orthodox,LightFlyweight,LightFlyweight,0,1.0,0.0
Marco Antonio Barrera,Erik Morales,178,183,168,173,154.0,156.5,122,122,26,23,49,35,0,0,49.0,35.0,0.91,0.88,0.73,0.7,5.0,5.0,0.8,0.8,150,180,27,26,24,23,9,10,52.0,50.0,0.72,0.7,8,9,Orthodox,Orthodox,SuperBantamweight,SuperBantamweight,1,0.0,1.0
Juan Manuel Marquez,Marco Antonio Barrera,170,178,170,168,154.0,154.0,130,130,33,33,47,63,0,0,47.0,63.0,0.9,0.88,0.75,0.72,5.0,5.0,0.8,0.8,150,180,28,29,25,26,9,10,52.0,50.0,0.72,0.7,8,9,Orthodox,Orthodox,Lightweight,Lightweight,1,0.0,1.0
Manny Pacquiao,Juan Manuel Marquez,170,170,161,170,154.0,154.0,125,130,25,30,42,42,0,0,42.0,42.0,0.95,0.92,0.8,0.78,5.0,5.0,0.8,0.8,150,180,26,27,24,25,9,10,52.0,50.0,0.72,0.7,8,9,Orthodox,Orthodox,LightWelterweight,LightWelterweight,0,1.0,0.0
Miguel Cotto,Sergio Martinez,170,185,173,178,154.0,156.5,159,159,33,39,38,51,0,0,38.0,51.0,0.92,0.9,0.75,0.72,5.0,5.0,0.8,0.8,150,180,29,30,26,25,9,10,52.0,50.0,0.72,0.7,8,9,Orthodox,Orthodox,LightMiddleweight,Middleweight,1,0.0,1.0
Kelly Pavlik,Jermain Taylor,191,198,189,188,158.7,156.5,160,160,31,27,0,0,31,27,0.83,0.78,0.74,0.7,5.0,5.0,0.82,0.8,150.0,180.0,28,27,25,24,9,10,52,50,0.73,0.71,8.0,9.0,Orthodox,Orthodox,Middleweight,Middleweight,1,0,1,,
Andre Ward,Carl Froch,180,191,183,185,158.7,167.6,168,168,24,28,0,0,24,28,0.65,0.78,0.72,0.7,5.0,5.0,0.82,0.8,150.0,180.0,27,26,25,24,9,10,52,50,0.74,0.71,8.0,9.0,Orthodox,Orthodox,SuperMiddleweight,SuperMiddleweight,1,0,1,,
Mikkel Kessler,Carl Froch,188,191,194,185,158.7,167.6,168,168,43,26,0,0,43,26,0.7,0.75,0.72,0.7,5.0,5.0,0.81,0.8,150.0,180.0,28,27,25,25,9,10,52,50,0.73,0.71,8.0,9.0,Orthodox,Orthodox,SuperMiddleweight,SuperMiddleweight,0,1,0,,
Arthur Abraham,Andre Dirrell,183,191,175,185,154.3,158.7,168,168,30,19,0,0,30,19,0.85,0.6,0.76,0.71,5.0,5.0,0.81,0.8,150.0,180.0,27,26,24,23,9,10,52,50,0.72,0.7,8.0,9.0,Orthodox,Southpaw,SuperMiddleweight,SuperMiddleweight,0,1,0,,
Joe Calzaghe,Mikkel Kessler,185,188,183,181,156.5,158.7,168,168,44,39,0,0,44,39,0.7,0.7,0.74,0.72,5.0,5.0,0.83,0.81,150.0,180.0,30,28,26,25,9,10,52,50,0.75,0.72,8.0,9.0,Southpaw,Orthodox,SuperMiddleweight,SuperMiddleweight,1,0,1,,
Naseem Hamed,Manuel Medina,160,175,160,175,154.0,154.0,126,126,25,60,0,0,25,60,0.93,0.55,0.78,0.7,5.0,5.0,0.8,0.78,150.0,180.0,27,26,24,23,9,10,52,50,0.74,0.7,8.0,9.0,Southpaw,Orthodox,Featherweight,Featherweight,1,0,1,,
Paul Williams,Antonio Margarito,198,183,188,180,160.9,156.5,147,147,32,38,0,0,32,38,0.75,0.7,0.76,0.71,5.0,5.0,0.83,0.82,150.0,180.0,28,27,25,25,9,10,52,50,0.73,0.71,8.0,9.0,Southpaw,Orthodox,Welterweight,Welterweight,1,0,1,,
Shane Mosley,Miguel Cotto,188,170,175,173,152.1,154.0,147,147,44,30,0,0,44,30,0.85,0.75,0.74,0.72,5.0,5.0,0.82,0.8,150.0,180.0,29,28,25,24,9,10,52,50,0.74,0.71,8.0,9.0,Orthodox,Orthodox,Welterweight,Welterweight,0,1,0,,
Ricardo Mayorga,Felix Trinidad,175,183,180,180,158.7,156.5,160,160,27,41,0,0,27,41,0.85,0.77,0.74,0.7,5.0,5.0,0.8,0.82,150.0,180.0,28,29,25,24,9,10,52,50,0.72,0.71,8.0,9.0,Orthodox,Orthodox,Middleweight,Middleweight,0,1,0,,
Diego Corrales,Jose Luis Castillo,178,175,179,171,154.3,152.1,135,135,40,52,0,0,40,52,0.8,0.7,0.75,0.71,5.0,5.0,0.81,0.79,150.0,180.0,28,28,25,25,9,10,52,50,0.73,0.7,8.0,9.0,Orthodox,Orthodox,Lightweight,Lightweight,1,0,1,,
Acelino Freitas,Joel Casamayor,175,175,168,170,152.1,154.0,135,135,35,30,0,0,35,30,0.9,0.5,0.78,0.72,5.0,5.0,0.82,0.81,150.0,180.0,27,28,24,25,9,10,52,50,0.74,0.7,8.0,9.0,Orthodox,Southpaw,Lightweight,Lightweight,0,1,0,,
Timothy Bradley,Devon Alexander,175,175,168,174,154.0,152.1,140,140,26,21,0,0,26,21,0.5,0.65,0.73,0.72,5.0,5.0,0.83,0.8,150.0,180.0,28,27,25,24,9,10,52,50,0.74,0.72,8.0,9.0,Orthodox,Southpaw,LightWelterweight,LightWelterweight,1,0,1,,
Lamont Peterson,Danny Garcia,183,174,175,174,152.1,154.0,143,142,33,29,0,0,33,29,0.5,0.7,0.72,0.7,5.0,5.0,0.81,0.82,150.0,180.0,28,27,25,24,9,10,52,50,0.73,0.71,8.0,9.0,Orthodox,Orthodox,LightWelterweight,LightWelterweight,0,1,0,,
Adrien Broner,Marcos Maidana,177,175,169,170,154.0,152.1,147,147,27,34,0,0,27,34,0.8,0.6,0.75,0.7,5.0,5.0,0.8,0.81,150.0,180.0,27,28,24,25,9,10,52,50,0.72,0.71,8.0,9.0,Orthodox,Orthodox,Welterweight,Welterweight,0,1,0,,
Marcos Maidana,Amir Khan,175,180,170,174,152.1,152.1,140,140,29,23,0,0,29,23,0.6,0.7,0.73,0.71,5.0,5.0,0.81,0.83,150.0,180.0,28,27,25,24,9,10,52,50,0.73,0.71,8.0,9.0,Orthodox,Orthodox,LightWelterweight,LightWelterweight,0,1,0,,
Lucas Matthysse,Lamont Peterson,175,183,168,175,154.0,152.1,140,140,34,32,0,0,34,32,0.85,0.5,0.76,0.7,5.0,5.0,0.82,0.8,150.0,180.0,28,28,25,24,9,10,52,50,0.74,0.71,8.0,9.0,Orthodox,Orthodox,LightWelterweight,LightWelterweight,1,0,1,,
Ruslan Chagaev,Nikolai Valuev,188,216,187,213,158.7,316.0,228,328,25,47,0,0,25,47,0.65,0.5,0.72,0.7,5.0,5.0,0.8,0.81,150.0,180.0,27,29,25,26,9,10,52,50,0.72,0.7,8.0,9.0,Southpaw,Orthodox,Heavyweight,Heavyweight,1,0,1,,
Sultan Ibragimov,Evander Holyfield,193,198,206,189,163.1,218.3,220,211,22,42,0,0,22,42,0.55,0.67,0.71,0.69,5.0,5.0,0.8,0.81,150.0,180.0,28,30,25,26,9,10,52,50,0.73,0.71,8.0,9.0,Southpaw,Orthodox,Heavyweight,Heavyweight,1,0,1,,
David Haye,Enzo Maccarinelli,198,188,191,193,165.3,165.3,200,200,20,28,0,0,20,28,0.9,0.8,0.76,0.72,5.0,5.0,0.82,0.81,150.0,180.0,27,26,24,25,9,10,52,50,0.74,0.72,8.0,9.0,Orthodox,Orthodox,Cruiserweight,Cruiserweight,1,0,1,,
Jean Pascal,Chad Dawson,183,194,179,185,156.5,165.3,175,175,25,29,0,0,25,29,0.6,0.45,0.72,0.7,5.0,5.0,0.81,0.8,150.0,180.0,28,27,25,24,9,10,52,50,0.73,0.71,8.0,9.0,Orthodox,Southpaw,LightHeavyweight,LightHeavyweight,1,0,1,,
Antonio Tarver,Montell Griffin,191,178,188,170,163.1,154.3,175,175,22,49,0,0,22,49,0.55,0.55,0.7,0.7,5.0,5.0,0.81,0.8,150.0,180.0,28,27,25,24,9,10,52,50,0.73,0.71,8.0,9.0,Southpaw,Orthodox,LightHeavyweight,LightHeavyweight,1,0,1,,
Bernard Hopkins,Antonio Tarver,180,191,185,188,158.7,163.1,175,175,46,24,0,0,46,24,0.5,0.65,0.73,0.71,5.0,5.0,0.81,0.8,150.0,180.0,27,26,25,24,9,10,52,50,0.72,0.7,8.0,9.0,Orthodox,Southpaw,LightHeavyweight,LightHeavyweight,1,0,1,,
Winky Wright,Felix Trinidad,185,183,178,180,156.5,156.5,160,160,48,42,0,0,48,42,0.45,0.8,0.72,0.7,5.0,5.0,0.8,0.81,150.0,180.0,27,28,24,25,9,10,52,50,0.73,0.71,8.0,9.0,Southpaw,Orthodox,Middleweight,Middleweight,1,0,1,,
Kelly Pavlik,Bernard Hopkins,191,180,189,185,158.7,158.7,170,170,34,48,0,0,34,48,0.75,0.5,0.74,0.72,5.0,5.0,0.82,0.8,150.0,180.0,28,27,25,25,9,10,52,50,0.74,0.71,8.0,9.0,Orthodox,Orthodox,Middleweight,LightHeavyweight,0,1,0,,
Jermain Taylor,Bernard Hopkins,198,180,188,185,156.5,158.7,160,160,23,44,0,0,23,44,0.6,0.5,0.72,0.71,5.0,5.0,0.81,0.8,150.0,180.0,28,27,25,24,9,10,52,50,0.73,0.71,8.0,9.0,Orthodox,Orthodox,Middleweight,Middleweight,1,0,1,,
Roy Jones Jr.,Antonio Tarver,188,191,180,188,154.3,163.1,175,175,49,24,0,0,49,24,0.85,0.7,0.75,0.72,5.0,5.0,0.83,0.8,150.0,180.0,29,27,25,24,9,10,52,50,0.74,0.72,8.0,9.0,Orthodox,Southpaw,LightHeavyweight,LightHeavyweight,0,1,0,,
Oscar De La Hoya,Shane Mosley,185,188,179,175,154.0,152.1,147,147,31,34,0,0,31,34,0.65,0.7,0.73,0.72,5.0,5.0,0.82,0.81,150.0,180.0,28,27,25,25,9,10,52,50,0.74,0.71,8.0,9.0,Orthodox,Orthodox,Welterweight,Welterweight,0,1,0,,
Fernando Vargas,Felix Trinidad,188,183,178,180,154.3,156.5,154,154,20,38,0,0,20,38,0.8,0.8,0.74,0.72,5.0,5.0,0.81,0.82,150.0,180.0,27,28,25,24,9,10,52,50,0.73,0.71,8.0,9.0,Orthodox,Orthodox,LightMiddleweight,LightMiddleweight,0,1,0,,
Ricardo Lopez,Will Grigsby,163,175,165,187,154.0,154.0,108,108,49,18,0,0,49,18,0.85,0.5,0.76,0.71,5.0,5.0,0.83,0.8,150.0,180.0,27,26,25,24,9,10,52,50,0.75,0.71,8.0,9.0,Orthodox,Orthodox,Strawweight,LightFlyweight,1,0,1,,
Ivan Calderon,Rodel Mayol,160,165,152,174,154.0,154.0,108,108,33,31,0,0,33,31,0.3,0.7,0.71,0.7,5.0,5.0,0.82,0.81,150.0,180.0,28,27,25,25,9,10,52,50,0.74,0.72,8.0,9.0,Southpaw,Orthodox,LightFlyweight,LightFlyweight,1,0,1,,
Kazuto Ioka,Juan Carlos Reveco,164,161,164,157,154.0,154.0,112,112,15,35,0,0,15,35,0.6,0.7,0.72,0.71,5.0,5.0,0.81,0.8,150.0,180.0,27,26,25,24,9,10,52,50,0.73,0.71,8.0,9.0,Orthodox,Orthodox,Flyweight,Flyweight,1,0,1,,
Roman Gonzalez,Juan Francisco Estrada,163,168,160,163,154.0,154.0,112,112,34,32,0,0,34,32,0.8,0.75,0.75,0.73,5.0,5.0,0.83,0.81,150.0,180.0,27,26,25,24,9,10,52,50,0.75,0.72,8.0,9.0,Orthodox,Orthodox,Flyweight,Flyweight,1,0,1,,
Juan Francisco Estrada,Carlos Cuadras,168,168,163,163,154.0,154.0,115,115,32,39,0,0,32,39,0.75,0.6,0.74,0.72,5.0,5.0,0.82,0.81,150.0,180.0,28,27,25,25,9,10,52,50,0.74,0.72,8.0,9.0,Orthodox,Orthodox,SuperFlyweight,SuperFlyweight,1,0,1,,
Carlos Cuadras,Srisaket Sor Rungvisai,168,160,163,160,154.0,154.0,115,115,39,44,0,0,39,44,0.6,0.8,0.73,0.72,5.0,5.0,0.81,0.82,150.0,180.0,27,28,25,24,9,10,52,50,0.73,0.71,8.0,9.0,Orthodox,Southpaw,SuperFlyweight,SuperFlyweight,0,1,0,,
Srisaket Sor Rungvisai,Roman Gonzalez,160,163,160,160,154.0,154.0,115,115,41,46,0,0,41,46,0.7,0.8,0.74,0.73,5.0,5.0,0.82,0.82,150.0,180.0,28,27,25,25,9,10,52,50,0.74,0.72,8.0,9.0,Southpaw,Orthodox,SuperFlyweight,SuperFlyweight,1,0,1,,
Nonito Donaire,Guillermo Rigondeaux,173,171,168,163,154.0,154.0,122,122,31,11,0,0,31,11,0.7,0.5,0.74,0.72,5.0,5.0,0.82,0.8,150.0,180.0,28,27,25,25,9,10,52,50,0.74,0.71,8.0,9.0,Orthodox,Southpaw,SuperBantamweight,SuperBantamweight,0,1,0,,
Leo Santa Cruz,Carl Frampton,175,157,171,165,154.0,154.0,126,126,32,26,0,0,32,26,0.65,0.45,0.74,0.72,5.0,5.0,0.82,0.81,150.0,180.0,28,27,25,25,9,10,52,50,0.74,0.72,8.0,9.0,Orthodox,Orthodox,Featherweight,Featherweight,0,1,0,,
Abner Mares,Anselmo Moreno,168,178,164,174,154.0,154.0,122,122,25,33,0,0,25,33,0.55,0.4,0.72,0.71,5.0,5.0,0.81,0.8,150.0,180.0,27,26,25,24,9,10,52,50,0.73,0.71,8.0,9.0,Orthodox,Southpaw,SuperBantamweight,SuperBantamweight,1,0,1,,
Orlando Salido,Juan Manuel Lopez,170,175,168,166,154.0,154.0,126,126,38,30,0,0,38,30,0.65,0.85,0.73,0.72,5.0,5.0,0.81,0.82,150.0,180.0,27,28,25,24,9,10,52,50,0.73,0.71,8.0,9.0,Orthodox,Southpaw,Featherweight,Featherweight,1,0,1,,
Mikey Garcia,Adrien Broner,173,177,168,169,154.0,154.0,140,140,36,33,0,0,36,33,0.75,0.8,0.75,0.72,5.0,5.0,0.83,0.81,150.0,180.0,28,27,25,25,9,10,52,50,0.75,0.72,8.0,9.0,Orthodox,Orthodox,LightWelterweight,LightWelterweight,1,0,1,,
Robert Guerrero,Andre Berto,178,174,173,169,154.0,152.1,147,147,31,28,0,0,31,28,0.6,0.7,0.73,0.72,5.0,5.0,0.81,0.81,150.0,180.0,27,27,25,25,9,10,52,50,0.74,0.72,8.0,9.0,Southpaw,Orthodox,Welterweight,Welterweight,1,0,1,,
Victor Ortiz,Andre Berto,178,174,175,169,152.1,152.1,147,147,29,27,0,0,29,27,0.75,0.7,0.74,0.72,5.0,5.0,0.82,0.81,150.0,180.0,28,27,25,25,9,10,52,50,0.74,0.72,8.0,9.0,Southpaw,Orthodox,Welterweight,Welterweight,1,0,1,,
Shawn Porter,Kell Brook,177,175,170,175,154.0,154.0,26,28,24,32,1,0,0,0,25.0,33.0,0.96,0.97,0.55,0.52,5.0,5.0,0.83,0.8,150,160,25,26,27,25,10,11,52.0,53.0,0.73,0.71,8,9,Orthodox,Orthodox,Welterweight,Welterweight,1,0.0,0.0
Keith Thurman,Shawn Porter,175,177,171,170,154.0,154.0,27,28,26,26,0,1,0,0,26.0,27.0,1.0,0.96,0.77,0.55,5.0,5.0,0.82,0.83,150,160,26,25,25,27,10,10,53.0,52.0,0.74,0.73,8,9,Orthodox,Orthodox,Welterweight,Welterweight,1,0.0,1.0
Keith Thurman,Danny Garcia,175,174,171,174,154.0,154.0,28,29,27,33,0,0,0,0,27.0,33.0,1.0,1.0,0.77,0.64,5.0,5.0,0.82,0.8,150,180,27,26,25,25,10,10,52.0,52.0,0.74,0.72,8,9,Orthodox,Orthodox,Welterweight,Welterweight,1,0.0,1.0
Errol Spence Jr.,Kell Brook,183,175,175,175,154.0,154.0,27,31,22,36,0,1,0,0,22.0,37.0,1.0,0.97,0.77,0.52,5.0,5.0,0.83,0.8,150,160,28,25,24,26,11,10,53.0,52.0,0.74,0.71,8,9,Southpaw,Orthodox,Welterweight,Welterweight,1,0.0,1.0
Terence Crawford,Amir Khan,188,180,173,174,154.0,154.0,31,32,34,33,0,4,0,0,34.0,37.0,1.0,0.89,0.77,0.44,5.0,5.0,0.83,0.79,150,180,28,27,23,26,10,9,54.0,52.0,0.75,0.72,8,9,Southpaw,Orthodox,Welterweight,Welterweight,1,0.0,1.0
Canelo Alvarez,Daniel Jacobs,179,187,171,183,160.0,160.0,28,32,51,35,1,2,0,0,52.0,37.0,0.98,0.95,0.65,0.63,5.0,5.0,0.83,0.81,150,180,29,28,23,25,11,10,55.0,53.0,0.75,0.73,8,9,Orthodox,Orthodox,Middleweight,Middleweight,1,1.0,1.0
Canelo Alvarez,Sergey Kovalev,179,184,171,183,175.0,175.0,29,36,53,34,1,3,0,1,55.0,38.0,0.96,0.92,0.65,0.72,5.0,5.0,0.83,0.8,150,180,28,27,24,26,11,9,55.0,53.0,0.75,0.72,8,9,Orthodox,Orthodox,LightHeavyweight,LightHeavyweight,1,1.0,1.0
Canelo Alvarez,Caleb Plant,179,188,171,185,168.0,168.0,31,29,56,21,1,0,2,0,59.0,21.0,0.95,1.0,0.65,0.48,5.0,5.0,0.82,0.81,150,180,27,27,23,24,10,9,54.0,52.0,0.74,0.71,8,9,Orthodox,Orthodox,SuperMiddleweight,SuperMiddleweight,1,1.0,1.0
Canelo Alvarez,Billy Joe Saunders,179,180,171,180,168.0,168.0,30,31,55,30,1,0,2,0,58.0,30.0,0.95,1.0,0.65,0.43,5.0,5.0,0.82,0.82,150,180,28,27,24,24,10,9,54.0,53.0,0.74,0.71,8,9,Orthodox,Southpaw,SuperMiddleweight,SuperMiddleweight,1,1.0,1.0
Canelo Alvarez,Gennady Golovkin,179,178,171,179,160.0,160.0,27,35,49,37,1,0,1,0,51.0,37.0,0.96,1.0,0.65,0.89,5.0,5.0,0.83,0.83,150,180,29,28,23,24,11,9,55.0,53.0,0.75,0.73,8,9,Orthodox,Orthodox,Middleweight,Middleweight,1,1.0,0.0
Gennady Golovkin,Sergiy Derevyanchenko,178,174,179,175,160.0,160.0,37,33,39,13,1,2,0,0,40.0,15.0,0.98,0.87,0.89,0.5,5.0,5.0,0.84,0.82,150,180,30,29,25,25,10,9,55.0,52.0,0.74,0.72,8,9,Orthodox,Orthodox,Middleweight,Middleweight,1,0.0,1.0
Gennady Golovkin,Ryota Murata,178,191,179,183,160.0,160.0,40,36,42,16,1,2,0,0,43.0,18.0,0.98,0.89,0.89,0.78,5.0,5.0,0.83,0.82,150,180,29,28,25,24,10,9,55.0,53.0,0.74,0.71,8,9,Orthodox,Orthodox,Middleweight,Middleweight,1,0.0,1.0
Gennady Golovkin,Marco Antonio Rubio,178,178,179,178,160.0,160.0,32,34,30,59,0,6,1,1,31.0,66.0,0.97,0.89,0.89,0.68,5.0,5.0,0.83,0.8,150,180,28,29,25,24,10,9,54.0,53.0,0.74,0.72,8,9,Orthodox,Orthodox,Middleweight,Middleweight,1,0.0,1.0
Dmitry Bivol,Gilberto Ramirez,183,191,183,189,175.0,175.0,31,31,21,44,0,0,0,0,21.0,44.0,1.0,1.0,0.53,0.75,5.0,5.0,0.83,0.83,150,180,29,28,23,24,9,9,52.0,53.0,0.73,0.72,8,9,Orthodox,Southpaw,LightHeavyweight,LightHeavyweight,1,0.0,1.0
Dmitry Bivol,Joe Smith Jr.,183,193,183,183,175.0,175.0,28,29,16,24,0,3,0,0,16.0,27.0,1.0,0.89,0.53,0.63,5.0,5.0,0.84,0.81,150,180,28,27,23,26,9,9,52.0,52.0,0.73,0.71,8,9,Orthodox,Orthodox,LightHeavyweight,LightHeavyweight,1,0.0,1.0
Sergey Kovalev,Andre Ward,184,180,183,183,175.0,175.0,33,32,30,30,1,0,1,0,31.0,30.0,0.97,1.0,0.72,0.5,5.0,5.0,0.82,0.83,150,180,28,28,24,23,9,10,52.0,53.0,0.73,0.72,8,9,Orthodox,Orthodox,LightHeavyweight,LightHeavyweight,1,0.0,0.0
Sergey Kovalev,Jean Pascal,184,183,183,179,175.0,175.0,31,32,26,28,0,2,0,1,26.0,31.0,1.0,0.9,0.72,0.65,5.0,5.0,0.83,0.82,150,180,28,27,24,25,9,10,52.0,52.0,0.74,0.71,8,9,Orthodox,Orthodox,LightHeavyweight,LightHeavyweight,1,0.0,1.0
Artur Beterbiev,Callum Johnson,185,185,182,182,175.0,175.0,33,33,13,17,0,1,0,0,13.0,18.0,1.0,0.94,1.0,0.78,5.0,5.0,0.84,0.82,150,180,29,28,23,24,9,9,53.0,52.0,0.74,0.72,8,9,Orthodox,Orthodox,LightHeavyweight,LightHeavyweight,1,0.0,1.0
Artur Beterbiev,Oleksandr Gvozdyk,185,190,182,188,175.0,175.0,34,32,15,17,0,1,0,0,15.0,18.0,1.0,0.94,1.0,0.82,5.0,5.0,0.83,0.83,150,180,29,29,22,23,9,9,53.0,52.0,0.74,0.72,8,9,Orthodox,Orthodox,LightHeavyweight,LightHeavyweight,1,0.0,1.0
Artur Beterbiev,Anthony Yarde,185,183,182,180,175.0,175.0,38,31,19,23,0,2,0,0,19.0,25.0,1.0,0.92,1.0,0.87,5.0,5.0,0.84,0.82,150,180,28,27,23,24,9,9,52.0,53.0,0.74,0.71,8,9,Orthodox,Orthodox,LightHeavyweight,LightHeavyweight,1,0.0,1.0
Oleksandr Gvozdyk,Adonis Stevenson,190,196,188,180,175.0,175.0,31,41,15,29,0,2,0,1,15.0,32.0,1.0,0.91,0.85,0.83,5.0,5.0,0.83,0.82,150,180,28,29,23,25,9,10,52.0,52.0,0.73,0.72,8,9,Orthodox,Southpaw,LightHeavyweight,LightHeavyweight,1,0.0,1.0
Jean Pascal,Badou Jack,183,185,179,185,175.0,175.0,37,36,34,22,6,3,1,3,41.0,28.0,0.83,0.79,0.6,0.5,5.0,5.0,0.8,0.79,210,240,27,28,29,27,8,9,49.0,51.0,0.71,0.7,7,8,Orthodox,Orthodox,LightHeavyweight,LightHeavyweight,1,0.0,1.0
Joe Smith Jr.,Bernard Hopkins,193,180,183,185,175.0,175.0,27,51,22,55,1,7,0,2,23.0,64.0,0.96,0.86,0.65,0.47,5.0,5.0,0.82,0.75,180,730,28,20,29,25,8,10,50.0,54.0,0.72,0.7,8,10,Orthodox,Orthodox,LightHeavyweight,LightHeavyweight,1,0.0,1.0
Joe Smith Jr.,Eleider Alvarez,193,192,183,183,175.0,175.0,30,36,26,25,3,1,0,0,29.0,26.0,0.9,0.96,0.65,0.56,5.0,5.0,0.8,0.81,240,300,28,27,30,25,8,9,50.0,52.0,0.72,0.71,8,9,Orthodox,Orthodox,LightHeavyweight,LightHeavyweight,1,0.0,1.0
Caleb Plant,Jose Uzcategui,188,194,185,188,168.0,168.0,26,27,17,27,0,2,0,1,17.0,30.0,1.0,0.9,0.57,0.83,5.0,5.0,0.84,0.79,180,150,27,29,23,26,9,8,52.0,53.0,0.73,0.71,8,9,Orthodox,Orthodox,SuperMiddleweight,SuperMiddleweight,1,0.0,1.0
David Benavidez,David Lemieux,189,178,188,175,168.0,168.0,25,33,25,43,0,4,0,0,25.0,47.0,1.0,0.91,0.83,0.81,5.0,5.0,0.84,0.8,180,210,30,31,26,28,10,9,54.0,53.0,0.74,0.72,8,9,Orthodox,Orthodox,SuperMiddleweight,SuperMiddleweight,1,0.0,1.0
David Benavidez,Ronald Gavril,189,187,188,180,168.0,168.0,21,31,18,19,0,2,0,0,18.0,21.0,1.0,0.9,0.83,0.47,5.0,5.0,0.83,0.78,150,210,29,26,25,27,9,9,52.0,51.0,0.73,0.7,8,9,Orthodox,Orthodox,SuperMiddleweight,SuperMiddleweight,1,0.0,1.0
Jermall Charlo,Julian Williams,188,184,183,178,154.0,154.0,26,26,24,22,0,1,0,0,24.0,23.0,1.0,0.96,0.75,0.64,5.0,5.0,0.83,0.82,150,150,28,29,25,27,9,9,52.0,53.0,0.72,0.71,8,9,Orthodox,Orthodox,SuperWelterweight,SuperWelterweight,1,0.0,1.0
Jermall Charlo,Matt Korobov,188,178,183,180,160.0,160.0,28,35,28,28,0,2,0,1,28.0,31.0,1.0,0.88,0.75,0.48,5.0,5.0,0.84,0.79,180,210,29,27,26,28,9,9,53.0,52.0,0.73,0.71,8,9,Orthodox,Southpaw,Middleweight,Middleweight,1,0.0,1.0
Jermell Charlo,Tony Harrison,185,193,180,185,154.0,154.0,28,28,31,28,0,2,0,0,31.0,30.0,1.0,0.93,0.75,0.54,5.0,5.0,0.83,0.81,150,210,27,28,26,27,9,9,52.0,52.0,0.73,0.71,8,9,Orthodox,Orthodox,SuperWelterweight,SuperWelterweight,1,0.0,0.0
Jermell Charlo,Brian Castano,185,173,180,169,154.0,154.0,31,32,34,17,1,0,0,2,35.0,19.0,0.97,0.89,0.75,0.63,5.0,5.0,0.82,0.84,150,210,28,29,25,28,9,9,52.0,53.0,0.73,0.72,8,9,Orthodox,Orthodox,SuperWelterweight,SuperWelterweight,1,0.0,1.0
Julian Williams,Jarrett Hurd,184,198,178,182,154.0,154.0,29,28,27,23,3,1,1,0,31.0,24.0,0.87,0.96,0.65,0.83,5.0,5.0,0.81,0.83,150,180,26,29,28,26,9,9,51.0,52.0,0.72,0.73,8,9,Orthodox,Orthodox,SuperWelterweight,SuperWelterweight,1,0.0,1.0
Jarrett Hurd,Erislandy Lara,198,192,182,175,154.0,154.0,27,34,21,25,0,3,0,2,21.0,30.0,1.0,0.83,0.75,0.48,5.0,5.0,0.83,0.82,150,240,27,25,27,26,9,9,52.0,52.0,0.73,0.71,8,9,Orthodox,Southpaw,SuperWelterweight,SuperWelterweight,1,0.0,1.0
Tony Harrison,Ishe Smith,193,180,185,178,154.0,154.0,27,39,26,29,2,9,0,0,28.0,38.0,0.93,0.76,0.53,0.52,5.0,5.0,0.82,0.78,150,300,26,24,25,27,8,9,51.0,50.0,0.72,0.7,8,9,Orthodox,Orthodox,SuperWelterweight,SuperWelterweight,1,0.0,1.0
Brian Castano,Patrick Teixeira,173,189,169,182,154.0,154.0,31,30,17,31,0,3,2,0,19.0,34.0,0.89,0.91,0.63,0.65,5.0,5.0,0.83,0.82,150,210,27,26,26,28,9,9,52.0,52.0,0.73,0.71,8,9,Orthodox,Southpaw,SuperWelterweight,SuperWelterweight,1,0.0,1.0
Demetrius Andrade,Maciej Sulecki,187,185,185,185,160.0,160.0,31,30,28,29,0,2,0,0,28.0,31.0,1.0,0.94,0.65,0.38,5.0,5.0,0.84,0.79,180,240,28,27,24,25,9,9,53.0,51.0,0.74,0.71,8,9,Southpaw,Orthodox,Middleweight,Middleweight,1,0.0,1.0
Demetrius Andrade,Liam Williams,187,178,185,178,160.0,160.0,33,28,30,23,0,3,0,0,30.0,26.0,1.0,0.88,0.65,0.73,5.0,5.0,0.83,0.82,180,240,28,27,24,26,9,9,53.0,52.0,0.74,0.71,8,9,Southpaw,Orthodox,Middleweight,Middleweight,1,0.0,1.0
Billy Joe Saunders,Andy Lee,180,191,180,188,160.0,160.0,26,31,22,34,0,2,0,0,22.0,36.0,1.0,0.94,0.43,0.62,5.0,5.0,0.83,0.8,180,240,27,26,23,25,9,9,52.0,52.0,0.73,0.72,8,9,Southpaw,Orthodox,Middleweight,Middleweight,1,0.0,1.0
Andy Lee,Matt Korobov,191,178,188,180,160.0,160.0,30,31,33,24,2,0,0,0,35.0,24.0,0.94,1.0,0.65,0.75,5.0,5.0,0.82,0.81,210,240,26,27,24,25,9,9,52.0,51.0,0.73,0.71,8,9,Southpaw,Southpaw,Middleweight,Middleweight,1,0.0,1.0
Daniel Jacobs,Peter Quillin,187,184,183,180,160.0,160.0,28,32,31,32,1,1,0,0,32.0,33.0,0.97,0.97,0.84,0.72,5.0,5.0,0.82,0.83,180,240,28,29,24,26,9,9,53.0,52.0,0.73,0.71,8,9,Orthodox,Orthodox,Middleweight,Middleweight,1,0.0,1.0
Daniel Jacobs,Sergio Mora,187,191,183,180,160.0,160.0,28,34,30,29,1,3,0,2,31.0,34.0,0.97,0.85,0.84,0.41,5.0,5.0,0.83,0.8,150,240,27,25,23,27,9,9,52.0,51.0,0.73,0.71,8,9,Orthodox,Orthodox,Middleweight,Middleweight,1,0.0,1.0
Sergiy Derevyanchenko,Jack Culcay,174,165,175,170,160.0,160.0,33,33,13,28,2,3,0,0,15.0,31.0,0.87,0.9,0.65,0.55,5.0,5.0,0.82,0.81,180,240,27,26,25,27,9,9,51.0,52.0,0.72,0.71,8,9,Orthodox,Orthodox,Middleweight,Middleweight,1,0.0,1.0
Ryota Murata,Hassan NDam,191,188,183,180,160.0,160.0,31,33,13,36,2,5,0,0,15.0,41.0,0.87,0.88,0.7,0.61,5.0,5.0,0.8,0.76,210,240,26,27,28,30,9,8,50.0,52.0,0.72,0.71,8,9,Orthodox,Orthodox,Middleweight,Middleweight,1,0.0,1.0
Felix Sturm,Oscar De La Hoya,185,185,185,179,160.0,154.0,25,31,20,36,0,4,0,0,20.0,40.0,1.0,0.9,0.4,0.64,5.0,5.0,0.84,0.79,150,210,27,30,25,28,9,9,52.0,53.0,0.72,0.71,8,9,Orthodox,Orthodox,Middleweight,Middleweight,1,0.0,0.0
Felix Sturm,Sam Soliman,185,182,185,175,160.0,160.0,34,39,35,44,3,11,2,0,40.0,55.0,0.88,0.8,0.5,0.36,5.0,5.0,0.81,0.77,210,240,28,26,27,29,9,9,52.0,51.0,0.73,0.71,8,9,Orthodox,Orthodox,Middleweight,Middleweight,1,0.0,1.0
Chris Eubank Jr.,James DeGale,184,188,180,185,168.0,168.0,29,33,27,25,2,3,0,1,29.0,29.0,0.93,0.86,0.57,0.6,5.0,5.0,0.82,0.79,210,240,29,28,27,26,9,9,52.0,52.0,0.73,0.71,8,9,Orthodox,Southpaw,SuperMiddleweight,SuperMiddleweight,1,0.0,1.0
James DeGale,Lucian Bute,188,183,185,187,168.0,168.0,29,35,22,32,1,3,0,0,23.0,35.0,0.96,0.91,0.68,0.57,5.0,5.0,0.82,0.8,210,300,28,27,26,29,9,9,52.0,51.0,0.72,0.71,8,9,Southpaw,Orthodox,SuperMiddleweight,SuperMiddleweight,1,0.0,1.0
Carl Froch,George Groves,191,188,185,182,168.0,168.0,36,25,33,19,2,1,0,0,35.0,20.0,0.94,0.95,0.75,0.79,5.0,5.0,0.82,0.81,210,150,29,28,27,26,9,9,52.0,51.0,0.73,0.72,8,9,Orthodox,Orthodox,SuperMiddleweight,SuperMiddleweight,1,1.0,1.0
George Groves,Fedor Chudinov,188,183,182,177,168.0,168.0,29,29,26,20,3,2,0,0,29.0,22.0,0.9,0.91,0.75,0.65,5.0,5.0,0.83,0.81,210,240,28,27,27,26,9,9,52.0,51.0,0.72,0.71,8,9,Orthodox,Orthodox,SuperMiddleweight,SuperMiddleweight,1,0.0,1.0
Lucian Bute,Andrade Librado,183,198,187,183,168.0,168.0,28,30,23,27,0,2,0,0,23.0,29.0,1.0,0.93,0.65,0.59,5.0,5.0,0.84,0.8,180,240,28,27,26,29,9,9,52.0,52.0,0.72,0.71,8,9,Southpaw,Orthodox,SuperMiddleweight,SuperMiddleweight,1,0.0,1.0
Andre Ward,Edwin Rodriguez,180,190,183,183,168.0,168.0,29,28,27,24,0,1,0,0,27.0,25.0,1.0,0.96,0.5,0.68,5.0,5.0,0.85,0.81,180,210,30,28,23,27,9,9,54.0,52.0,0.74,0.71,8,9,Orthodox,Orthodox,SuperMiddleweight,SuperMiddleweight,1,1.0,1.0
Andre Ward,Sullivan Barrera,180,185,183,188,175.0,175.0,32,34,28,22,0,0,0,0,28.0,22.0,1.0,1.0,0.5,0.68,5.0,5.0,0.85,0.82,210,240,29,28,23,26,9,9,53.0,52.0,0.74,0.71,8,9,Orthodox,Orthodox,LightHeavyweight,LightHeavyweight,1,1.0,1.0
Andre Ward,Arthur Abraham,180,183,183,175,168.0,168.0,27,31,24,31,0,4,0,0,24.0,35.0,1.0,0.89,0.5,0.81,5.0,5.0,0.86,0.8,150,300,28,27,22,29,9,9,54.0,52.0,0.74,0.71,8,9,Orthodox,Orthodox,SuperMiddleweight,SuperMiddleweight,1,0.0,1.0
Devin Haney,Regis Prograis,183,170,173,173,154.0,154.0,25,34,30,29,0,1,0,0,30.0,30.0,1.0,0.97,0.62,0.76,5.0,5.0,0.86,0.81,150,240,27,29,23,27,9,9,54.0,53.0,0.74,0.71,8,9,Orthodox,Southpaw,LightWelterweight,LightWelterweight,1,0.0,1.0
Emanuel Navarrete,Liam Wilson,183,178,170,183,154.0,154.0,28,26,36,11,1,1,0,0,37.0,12.0,0.97,0.92,0.79,0.45,5.0,5.0,0.83,0.8,180,210,27,26,24,28,9,9,53.0,51.0,0.73,0.71,8,9,Orthodox,Orthodox,SuperFeatherweight,SuperFeatherweight,1,0.0,1.0
Emanuel Navarrete,Isaac Dogboe,183,163,170,157,154.0,154.0,24,23,26,19,1,1,0,0,27.0,20.0,0.96,0.95,0.78,0.8,5.0,5.0,0.84,0.83,180,210,28,27,25,26,9,9,53.0,52.0,0.73,0.71,8,9,Orthodox,Orthodox,SuperBantamweight,SuperBantamweight,1,0.0,1.0
Oleksandr Usyk,Daniel Dubois,198,198,191,196,221.0,233.0,36,25,20,19,0,1,0,0,20.0,20.0,1.0,0.95,0.72,0.84,5.0,5.0,0.83,0.79,210,180,28,29,22,27,9,9,53.0,51.0,0.74,0.71,8,9,Southpaw,Orthodox,Heavyweight,Heavyweight,1,0.0,1.0
Zhilei Zhang,Filip Hrgovic,203,203,198,198,278.0,243.0,39,30,24,14,1,0,0,0,25.0,14.0,0.96,1.0,0.83,0.71,5.0,5.0,0.82,0.85,210,180,27,28,29,27,9,9,52.0,53.0,0.73,0.72,8,9,Southpaw,Orthodox,Heavyweight,Heavyweight,1,0.0,0.0
Jai Opetaia,Mairis Briedis,193,190,188,185,199.0,199.0,27,35,21,28,0,1,0,0,21.0,29.0,1.0,0.97,0.73,0.72,5.0,5.0,0.84,0.83,210,240,27,28,25,27,9,9,53.0,52.0,0.73,0.71,8,9,Southpaw,Orthodox,Cruiserweight,Cruiserweight,1,0.0,1.0
Mairis Briedis,Yuniel Dorticos,190,203,185,191,199.0,199.0,35,34,26,24,1,2,0,0,27.0,26.0,0.96,0.92,0.69,0.85,5.0,5.0,0.82,0.8,210,240,27,28,26,29,9,9,52.0,51.0,0.73,0.71,8,9,Orthodox,Orthodox,Cruiserweight,Cruiserweight,1,0.0,1.0
Lawrence Okolie,Chris Billam-Smith,210,193,196,191,200.0,199.0,30,32,19,17,0,1,0,0,19.0,18.0,1.0,0.94,0.7,0.59,5.0,5.0,0.84,0.81,210,180,28,27,24,26,9,9,53.0,51.0,0.73,0.71,8,9,Orthodox,Orthodox,Cruiserweight,Cruiserweight,1,1.0,0.0
Chris Billam-Smith,Richard Riakporhe,193,196,191,196,199.0,199.0,33,34,19,17,1,0,0,0,20.0,17.0,0.95,1.0,0.58,0.82,5.0,5.0,0.82,0.83,210,180,27,28,25,26,9,9,52.0,52.0,0.73,0.71,8,9,Orthodox,Orthodox,Cruiserweight,Cruiserweight,1,0.0,0.0
Richard Riakporhe,Krzysztof Glowacki,196,190,196,185,199.0,198.0,33,36,16,32,0,4,0,0,16.0,36.0,1.0,0.89,0.65,0.72,5.0,5.0,0.83,0.81,210,240,28,27,25,26,9,9,53.0,51.0,0.73,0.71,8,9,Orthodox,Southpaw,Cruiserweight,Cruiserweight,1,0.0,1.0
Ilunga Makabu,Michal Cieslak,188,201,188,191,199.6,198.7,32,30,26,19,2,0,0,0,28.0,19.0,0.93,1.0,0.75,0.79,5.0,5.0,1.0,1.0,365,210,29,27,18,20,54,52,0.68,0.65,0.7,0.6,6,8,Southpaw,Orthodox,Cruiserweight,Cruiserweight,1,0.0,1.0
Badou Jack,Ilunga Makabu,185,188,185,188,199.7,199.7,39,35,27,29,3,2,3,0,33.0,31.0,0.82,0.94,0.5,0.75,5.0,5.0,0.8,1.0,365,365,30,28,14,17,60,54,0.72,0.68,0.75,0.7,7,6,Orthodox,Southpaw,Cruiserweight,Cruiserweight,1,0.0,1.0
Subriel Matias,Shohjahon Ergashev,180,180,175,179,154.0,154.0,31,31,20,23,1,0,0,0,21.0,23.0,0.95,1.0,0.9,0.87,5.0,5.0,1.0,1.0,210,240,32,29,25,20,50,52,0.67,0.65,0.74,0.72,8,7,Orthodox,Southpaw,SuperLightweight,SuperLightweight,1,0.0,1.0
Regis Prograis,Danielito Zorrilla,170,155,173,157,154.0,154.0,34,27,28,16,1,1,0,0,29.0,17.0,0.97,0.89,0.83,0.75,5.0,5.0,0.8,0.8,210,330,31,27,19,21,59,55,0.72,0.66,0.76,0.7,7,6,Southpaw,Orthodox,SuperLightweight,SuperLightweight,1,1.0,1.0
Devin Haney,George Kambosos Jr.,183,173,173,175,154.0,154.0,23,28,27,20,0,1,0,0,27.0,21.0,1.0,0.95,0.62,0.6,5.0,5.0,1.0,0.8,180,240,34,29,12,19,58,50,0.76,0.72,0.79,0.75,8,7,Orthodox,Orthodox,Lightweight,Lightweight,1,0.0,1.0
Ryan Garcia,Luke Campbell,178,180,178,175,154.0,154.0,22,33,20,23,0,3,0,0,20.0,26.0,1.0,0.88,0.83,0.61,5.0,5.0,1.0,0.6,230,370,32,28,16,19,56,54,0.74,0.7,0.75,0.68,6,9,Orthodox,Southpaw,Lightweight,Lightweight,1,0.0,1.0
Gervonta Davis,Leo Santa Cruz,171,175,165,171,154.0,154.0,26,32,23,37,0,1,0,0,23.0,38.0,1.0,0.97,0.93,0.54,5.0,5.0,1.0,0.8,365,300,33,30,18,24,55,57,0.7,0.68,0.74,0.72,8,9,Southpaw,Orthodox,SuperFeatherweight,SuperFeatherweight,1,0.0,1.0
Katie Taylor,Amanda Serrano,168,166,165,168,154.0,154.0,35,33,20,42,0,1,0,1,20.0,44.0,1.0,0.95,0.44,0.76,5.0,5.0,1.0,1.0,180,300,28,32,14,18,63,60,0.74,0.72,0.77,0.75,7,9,Orthodox,Southpaw,Lightweight,Lightweight,1,1.0,1.0
Claressa Shields,Savannah Marshall,173,183,173,178,159.3,159.3,27,31,12,12,0,0,0,0,12.0,12.0,1.0,1.0,0.25,0.79,5.0,5.0,1.0,1.0,210,240,31,29,13,15,62,59,0.76,0.74,0.78,0.76,8,9,Orthodox,Orthodox,Middleweight,Middleweight,1,0.0,1.0
Alycia Baumgardner,Mikaela Mayer,168,169,168,175,154.0,154.0,28,32,12,17,1,1,0,0,13.0,18.0,0.92,0.94,0.77,0.47,5.0,5.0,0.8,0.8,180,210,30,28,16,19,61,58,0.72,0.7,0.74,0.72,7,6,Orthodox,Orthodox,SuperFeatherweight,SuperFeatherweight,1,0.0,1.0
Chantelle Cameron,Katie Taylor,175,168,173,165,154.0,154.0,32,36,17,22,0,1,0,0,17.0,23.0,1.0,0.96,0.68,0.44,5.0,5.0,1.0,0.8,210,180,32,28,17,14,64,62,0.76,0.7,0.78,0.74,8,10,Orthodox,Orthodox,SuperLightweight,SuperLightweight,1,1.0,1.0
Natasha Jonas,Terri Harper,178,165,173,174,151.0,150.5,36,24,9,10,1,0,0,1,10.0,11.0,0.9,0.91,0.55,0.5,5.0,5.0,0.8,0.8,365,240,27,25,18,16,56,60,0.72,0.68,0.74,0.7,6,7,Southpaw,Orthodox,SuperWelterweight,SuperWelterweight,1,0.0,1.0
Kenshiro Teraji,Hiroto Kyoguchi,164,168,164,165,154.0,154.0,30,28,19,16,1,0,0,0,20.0,16.0,0.95,1.0,0.58,0.76,5.0,5.0,0.8,1.0,240,180,31,33,15,17,60,59,0.74,0.72,0.76,0.74,7,8,Orthodox,Orthodox,LightFlyweight,LightFlyweight,1,0.0,1.0
Kenshiro Teraji,Carlos Canizales,164,164,164,160,154.0,154.0,32,31,22,26,1,1,0,0,23.0,27.0,0.96,0.96,0.6,0.67,5.0,5.0,0.8,0.8,180,270,30,28,14,16,58,57,0.74,0.7,0.76,0.72,8,9,Orthodox,Orthodox,LightFlyweight,LightFlyweight,1,0.0,0.0
Masamichi Yabuki,Kenshiro Teraji,164,164,166,164,154.0,154.0,29,29,12,18,3,0,0,0,15.0,18.0,0.8,1.0,0.8,0.58,5.0,5.0,1.0,0.8,300,180,29,30,22,18,52,56,0.7,0.74,0.72,0.76,6,8,Orthodox,Orthodox,LightFlyweight,LightFlyweight,1,0.0,1.0
Sunny Edwards,Andres Campos,152,164,160,161,154.0,154.0,27,26,19,15,0,0,0,0,19.0,15.0,1.0,1.0,0.26,0.5,5.0,5.0,1.0,1.0,240,300,27,26,11,15,65,60,0.76,0.7,0.78,0.72,7,6,Orthodox,Orthodox,Flyweight,Flyweight,1,0.0,1.0
Jesse Rodriguez,Juan Francisco Estrada,170,168,163,163,154.0,154.0,24,34,19,44,0,3,0,0,19.0,47.0,1.0,0.94,0.5,0.68,5.0,5.0,1.0,0.8,240,365,32,31,15,18,64,61,0.76,0.72,0.78,0.74,8,10,Southpaw,Orthodox,SuperFlyweight,SuperFlyweight,1,0.0,1.0
Brandon Figueroa,Luis Nery,184,171,175,166,154.0,154.0,24,26,21,31,0,1,0,0,21.0,32.0,1.0,0.97,0.72,0.84,5.0,5.0,1.0,0.8,210,240,33,32,21,24,60,58,0.74,0.7,0.76,0.72,7,8,Orthodox,Southpaw,SuperBantamweight,SuperBantamweight,1,0.0,1.0
Rey Vargas,Mark Magsayo,182,171,178,169,154.0,154.0,31,26,35,24,0,1,0,0,35.0,25.0,1.0,0.96,0.55,0.73,5.0,5.0,1.0,0.8,365,210,30,29,14,17,65,61,0.76,0.72,0.78,0.74,8,7,Orthodox,Orthodox,Featherweight,Featherweight,1,0.0,1.0
Mark Magsayo,Gary Russell Jr.,171,163,169,164,154.0,154.0,26,33,23,31,0,1,0,0,23.0,32.0,1.0,0.97,0.73,0.6,5.0,5.0,1.0,0.8,210,365,31,32,18,15,62,64,0.74,0.72,0.76,0.74,7,10,Orthodox,Southpaw,Featherweight,Featherweight,1,0.0,1.0
Stephen Fulton,Angelo Leo,179,173,169,168,154.0,154.0,26,26,18,20,0,0,0,0,18.0,20.0,1.0,1.0,0.37,0.7,5.0,5.0,1.0,1.0,240,240,29,31,13,15,64,62,0.74,0.7,0.76,0.72,7,6,Orthodox,Orthodox,SuperBantamweight,SuperBantamweight,1,0.0,1.0
Roman Gonzalez,Juan Francisco Estrada,163,168,160,163,154.0,154.0,33,30,50,41,3,3,0,0,53.0,44.0,0.94,0.93,0.83,0.68,5.0,5.0,0.8,1.0,180,240,31,32,18,21,63,60,0.74,0.72,0.76,0.74,8,9,Orthodox,Orthodox,SuperFlyweight,SuperFlyweight,1,0.0,0.0
Isaac Cruz,Rolando Romero,165,173,163,170,154.0,154.0,25,28,24,15,2,1,1,0,27.0,16.0,0.89,0.94,0.55,0.83,5.0,5.0,0.8,0.6,210,240,30,28,17,20,62,58,0.72,0.68,0.74,0.72,7,6,Orthodox,Orthodox,Lightweight,Lightweight,1,0.0,1.0
Rolando Romero,Ismael Barroso,173,175,170,174,154.0,154.0,27,40,14,24,1,4,0,2,15.0,30.0,0.93,0.8,0.83,0.7,5.0,5.0,0.6,0.6,365,240,29,27,15,19,60,56,0.7,0.66,0.72,0.7,6,7,Orthodox,Southpaw,SuperLightweight,SuperLightweight,1,1.0,1.0
Jose Ramirez,Maurice Hooker,184,203,175,180,154.0,154.0,26,29,24,26,0,1,0,1,24.0,28.0,1.0,0.93,0.64,0.64,5.0,5.0,1.0,0.8,210,270,33,31,20,22,61,59,0.74,0.7,0.76,0.72,8,7,Orthodox,Orthodox,SuperLightweight,SuperLightweight,1,0.0,1.0
Sandor Martin,Mikey Garcia,180,173,175,168,154.0,154.0,28,33,38,40,2,1,0,0,40.0,41.0,0.95,0.95,0.33,0.75,5.0,5.0,1.0,0.6,240,365,28,29,13,17,64,61,0.74,0.7,0.76,0.72,7,9,Southpaw,Orthodox,SuperLightweight,SuperLightweight,1,0.0,1.0
Jose Zepeda,Ivan Baranchyk,179,171,173,173,154.0,154.0,31,27,32,20,2,3,0,0,34.0,23.0,0.94,0.87,0.69,0.73,5.0,5.0,0.8,0.6,210,240,31,30,18,23,60,58,0.72,0.68,0.74,0.7,6,8,Southpaw,Orthodox,SuperLightweight,SuperLightweight,1,0.0,1.0
Sergey Lipinets,Lamont Peterson,170,183,170,175,154.0,154.0,30,35,15,35,2,5,1,0,18.0,40.0,0.83,0.88,0.82,0.5,5.0,5.0,0.6,0.4,210,365,30,32,17,22,61,59,0.74,0.7,0.76,0.72,6,8,Orthodox,Orthodox,Welterweight,Welterweight,1,0.0,1.0
Errol Spence Jr.,Shawn Porter,183,177,175,170,154.0,154.0,29,31,25,30,0,3,0,1,25.0,34.0,1.0,0.88,0.75,0.45,5.0,5.0,1.0,0.8,210,270,33,31,16,22,63,60,0.76,0.72,0.78,0.74,8,9,Southpaw,Orthodox,Welterweight,Welterweight,1,0.0,1.0
Yordenis Ugas,Manny Pacquiao,187,170,177,168,154.0,154.0,35,42,26,7,4,8,0,2,30.0,61.0,0.87,0.84,0.45,0.59,5.0,5.0,1.0,0.4,365,730,28,31,18,20,65,62,0.72,0.7,0.74,0.72,6,10,Orthodox,Southpaw,Welterweight,Welterweight,1,0.0,1.0
Keith Thurman,Manny Pacquiao,175,170,171,168,154.0,154.0,30,40,29,61,1,7,0,2,30.0,70.0,0.97,0.87,0.73,0.58,5.0,5.0,0.8,0.6,365,365,32,29,19,23,62,59,0.74,0.72,0.76,0.74,7,10,Orthodox,Southpaw,Welterweight,Welterweight,1,0.0,0.0
Teofimo Lopez,Richard Commey,174,180,173,173,154.0,154.0,22,32,14,29,0,3,0,0,14.0,32.0,1.0,0.91,0.76,0.7,5.0,5.0,1.0,0.8,210,365,34,30,15,18,64,60,0.76,0.72,0.78,0.74,8,9,Orthodox,Orthodox,Lightweight,Lightweight,1,0.0,1.0
Devin Haney,Vasiliy Lomachenko,183,166,173,170,154.0,154.0,24,35,29,17,0,3,0,0,29.0,20.0,1.0,0.85,0.62,0.71,5.0,5.0,1.0,0.8,180,365,35,32,12,15,58,61,0.76,0.74,0.78,0.76,8,10,Orthodox,Southpaw,Lightweight,Lightweight,1,0.0,1.0
Junto Nakatani,Andrew Moloney,174,165,173,165,154.0,154.0,25,32,24,26,0,2,0,0,24.0,28.0,1.0,0.93,0.85,0.5,5.0,5.0,1.0,0.8,180,365,33,29,17,20,61,58,0.76,0.7,0.78,0.72,8,7,Southpaw,Orthodox,SuperFlyweight,SuperFlyweight,1,0.0,1.0
Shavkatdzhon Rakhimov,Zelfa Barrett,173,173,174,160,154.0,154.0,28,29,16,28,0,2,0,1,16.0,31.0,1.0,0.9,0.7,0.47,5.0,5.0,1.0,0.6,240,210,31,28,18,19,60,62,0.74,0.7,0.76,0.72,7,6,Southpaw,Orthodox,SuperFeatherweight,SuperFeatherweight,1,0.0,1.0
Joe Cordina,Edward Vazquez,175,175,175,175,154.0,154.0,31,28,16,15,0,1,0,0,16.0,16.0,1.0,0.94,0.6,0.36,5.0,5.0,1.0,0.8,210,240,30,28,15,16,62,60,0.74,0.72,0.76,0.74,8,7,Orthodox,Orthodox,SuperFeatherweight,SuperFeatherweight,1,1.0,1.0
Jai Opetaia,Jordan Thompson,193,193,188,198,199.8,199.6,28,30,22,15,0,1,0,0,22.0,16.0,1.0,0.94,0.73,0.64,5.0,5.0,1.0,0.8,210,240,32,30,20,22,60,58,0.74,0.7,0.76,0.72,7,6,Southpaw,Orthodox,Cruiserweight,Cruiserweight,1,0.0,1.0
Lawrence Okolie,David Light,210,193,196,188,199.8,199.5,30,31,19,20,0,0,0,0,19.0,20.0,1.0,1.0,0.7,0.54,5.0,5.0,1.0,0.8,365,240,29,28,17,19,61,59,0.72,0.68,0.74,0.72,6,7,Orthodox,Orthodox,Cruiserweight,Cruiserweight,1,0.0,1.0
Leigh Wood,Josh Warrington,170,170,170,170,154.0,154.0,35,32,27,31,3,2,0,0,30.0,33.0,0.9,0.94,0.6,0.33,5.0,5.0,1.0,0.8,210,365,31,30,20,22,59,57,0.72,0.7,0.74,0.72,6,7,Orthodox,Orthodox,Featherweight,Featherweight,1,0.0,1.0
Mauricio Lara,Josh Warrington,170,170,170,170,154.0,154.0,22,30,22,30,2,1,0,0,24.0,31.0,0.92,0.94,0.73,0.21,5.0,5.0,1.0,0.6,180,365,32,29,23,20,58,60,0.7,0.74,0.72,0.76,7,9,Orthodox,Orthodox,Featherweight,Featherweight,1,0.0,1.0
Josh Kelly,Troy Williamson,183,183,178,180,153.8,153.4,28,31,12,19,1,1,1,0,14.0,20.0,0.86,0.95,0.58,0.62,5.0,5.0,0.8,0.8,240,210,29,28,16,19,62,60,0.72,0.7,0.74,0.72,6,7,Orthodox,Orthodox,SuperWelterweight,SuperWelterweight,1,1.0,1.0
Jack Catterall,Josh Taylor,170,177,170,178,154.0,154.0,28,31,26,18,0,1,0,0,26.0,19.0,1.0,0.95,0.4,0.64,5.0,5.0,1.0,0.6,365,365,31,33,14,17,64,61,0.74,0.7,0.76,0.72,7,8,Southpaw,Southpaw,SuperLightweight,SuperLightweight,1,0.0,0.0
Tevin Farmer,Jono Carroll,170,175,168,170,154.0,154.0,28,26,28,16,4,0,1,1,33.0,17.0,0.85,0.94,0.3,0.19,5.0,5.0,1.0,1.0,120,150,18,22,12,14,64,58,0.72,0.7,7.0,6.0,Southpaw,Southpaw,SuperFeatherweight,SuperFeatherweight,1,0,1,,
Miguel Berchelt,Francisco Vargas,182,178,170,170,154.0,154.0,25,32,31,23,1,1,0,2,32.0,26.0,0.97,0.88,0.88,0.79,5.0,5.0,1.0,0.8,150,365,25,30,17,20,60,52,0.74,0.7,8.0,9.0,Orthodox,Orthodox,SuperFeatherweight,SuperFeatherweight,1,0,1,,
Kid Gavilan,Carmen Basilio,180,175,175,169,154.0,154.0,29,28,43,56,6,16,2,7,51.0,79.0,0.84,0.71,0.45,0.55,5.0,5.0,0.6,0.7,210,180,25,28,20,24,58,50,0.7,0.68,7.0,8.0,Orthodox,Orthodox,Welterweight,Welterweight,1,0,0,,
Wilfred Bentez,Carlos Palomino,178,181,178,177,154.0,154.0,20,28,36,27,0,3,1,3,37.0,33.0,0.97,0.82,0.43,0.52,5.0,5.0,1.0,0.6,90,210,27,32,14,18,68,60,0.78,0.72,9.0,7.0,Orthodox,Orthodox,Welterweight,Welterweight,1,0,1,,
Ezzard Charles,Archie Moore,185,191,183,183,174.0,174.0,29,31,85,99,10,18,1,6,96.0,123.0,0.89,0.8,0.45,0.64,5.0,5.0,0.6,0.8,120,90,28,30,20,26,62,55,0.76,0.74,8.0,9.0,Orthodox,Orthodox,LightHeavyweight,LightHeavyweight,1,0,1,,
Emile Griffith,Benny Paret,183,178,169,173,154.0,154.0,24,25,25,35,2,10,0,1,27.0,46.0,0.93,0.76,0.48,0.39,5.0,5.0,0.8,0.4,120,210,26,29,22,27,60,56,0.72,0.68,6.0,8.0,Orthodox,Orthodox,Welterweight,Welterweight,1,0,1,,
Pernell Whitaker,Jos Luis Ramrez,175,163,168,169,154.0,154.0,24,27,24,98,0,6,0,0,24.0,104.0,1.0,0.94,0.33,0.44,5.0,5.0,1.0,0.8,90,365,30,27,10,15,78,70,0.8,0.75,7.0,9.0,Southpaw,Orthodox,Lightweight,Lightweight,1,0,1,,
Gene Tunney,Jack Dempsey,193,185,183,185,190.0,188.0,29,31,65,61,1,6,1,8,67.0,75.0,0.97,0.81,0.52,0.77,5.0,5.0,1.0,0.8,365,365,25,28,20,26,60,50,0.74,0.7,8.0,9.0,Orthodox,Orthodox,Heavyweight,Heavyweight,1,0,1,,
Carlos Monzn,Nino Benvenuti,193,183,180,178,160.0,160.0,28,32,87,82,3,7,9,0,99.0,89.0,0.88,0.92,0.59,0.64,5.0,5.0,1.0,0.8,120,150,26,30,20,24,62,58,0.76,0.72,9.0,8.0,Orthodox,Orthodox,Middleweight,Middleweight,1,0,1,,
Azumah Nelson,Jeff Fenech,173,169,165,170,154.0,154.0,33,28,38,29,2,3,1,0,41.0,32.0,0.93,0.91,0.51,0.56,5.0,5.0,0.8,1.0,150,365,30,32,25,27,64,60,0.72,0.74,8.0,8.0,Orthodox,Orthodox,SuperFeatherweight,SuperFeatherweight,1,0,1,,
Sandy Saddler,Willie Pep,178,173,174,165,154.0,154.0,26,28,144,229,16,11,2,1,162.0,241.0,0.89,0.95,0.71,0.11,5.0,5.0,0.8,0.6,120,150,32,35,22,15,60,68,0.7,0.8,7.0,9.0,Orthodox,Orthodox,Featherweight,Featherweight,1,0,1,,
Ken Norton,Ernie Shavers,203,201,191,183,210.0,212.0,33,34,42,74,7,6,1,1,50.0,81.0,0.84,0.91,0.55,0.92,5.0,5.0,0.8,0.6,180,240,26,34,24,30,62,52,0.72,0.68,7.0,8.0,Orthodox,Orthodox,Heavyweight,Heavyweight,1,0,0,,
Julian Jackson,Gerald McClellan,185,196,180,185,160.0,160.0,33,26,55,31,1,2,0,0,56.0,33.0,0.98,0.94,0.89,0.97,5.0,5.0,0.8,1.0,240,150,30,32,28,30,64,60,0.78,0.76,8.0,7.0,Orthodox,Orthodox,Middleweight,Middleweight,1,0,0,,
Roberto Durn,Esteban De Jess,168,170,170,164,154.0,154.0,22,23,62,57,1,3,0,0,63.0,60.0,0.98,0.95,0.77,0.68,5.0,5.0,1.0,0.6,90,120,32,34,20,28,68,60,0.8,0.72,9.0,8.0,Orthodox,Orthodox,Lightweight,Lightweight,1,0,1,,
Tony Canzoneri,Jimmy McLarnin,165,170,163,168,154.0,154.0,28,29,137,54,24,11,11,2,172.0,67.0,0.8,0.81,0.36,0.65,5.0,5.0,0.8,0.6,180,210,28,32,26,30,62,56,0.7,0.72,7.0,9.0,Orthodox,Orthodox,Lightweight,Lightweight,1,0,0,,
Barney Ross,Henry Armstrong,170,170,170,166,154.0,154.0,28,25,72,149,4,15,3,10,79.0,174.0,0.91,0.86,0.25,0.43,5.0,5.0,0.8,1.0,120,150,28,30,24,32,64,58,0.74,0.76,8.0,9.0,Orthodox,Orthodox,Lightweight,Lightweight,1,0,0,,
Jake LaMotta,Fritzie Zivic,170,178,173,175,160.0,160.0,22,30,83,158,19,27,3,5,105.0,190.0,0.79,0.83,0.2,0.23,5.0,5.0,0.8,0.4,150,180,30,32,28,36,62,54,0.72,0.68,7.0,8.0,Orthodox,Orthodox,Middleweight,Middleweight,1,0,1,,
Oscar De La Hoya,Ricardo Mayorga,185,183,179,180,154.0,158.7,33,32,38,27,4,6,0,1,42.0,34.0,0.9,0.79,0.81,0.74,5.0,5.0,0.6,0.4,365,300,32,30,20,22,70,64,0.74,0.7,9.0,8.0,Orthodox,Orthodox,LightMiddleweight,LightMiddleweight,1,0,1,,
Miguel Cotto,Ricardo Torres,170,170,173,173,154.0,154.0,25,24,27,31,0,1,0,0,27.0,32.0,1.0,0.97,0.78,0.9,5.0,5.0,1.0,0.8,120,90,30,32,24,28,72,64,0.78,0.72,8.0,7.0,Orthodox,Orthodox,LightWelterweight,LightWelterweight,1,0,1,,
Kostya Tszyu,Zab Judah,170,183,170,170,154.0,154.0,32,23,28,44,1,0,0,0,29.0,44.0,0.97,1.0,0.73,0.66,5.0,5.0,0.8,1.0,240,210,28,32,24,28,62,58,0.76,0.74,9.0,7.0,Orthodox,Southpaw,LightWelterweight,LightWelterweight,1,0,1,,
Paul Williams,Antonio Margarito,198,183,188,180,154.0,154.0,25,29,32,41,0,5,0,0,32.0,46.0,1.0,0.89,0.67,0.78,5.0,5.0,1.0,0.8,120,240,30,32,28,30,62,60,0.76,0.72,8.0,9.0,Southpaw,Orthodox,Welterweight,Welterweight,1,0,1,,
Naseem Hamed,Manuel Medina,160,175,160,175,154.0,154.0,22,25,27,65,0,8,0,0,27.0,73.0,1.0,0.89,0.89,0.44,5.0,5.0,1.0,0.6,90,180,32,34,26,28,74,64,0.78,0.7,9.0,8.0,Southpaw,Orthodox,Featherweight,Featherweight,1,0,1,,
KSI,Tommy Fury,183,203,183,185,183.0,183.0,32,26,4,10,1,0,1,0,6.0,10.0,0.67,1.0,0.25,0.40,2.0,5.0,1.0,1.0,180,120,25,30,8,12,15,10,45.0,55.0,0.4,0.6,4,6,Orthodox,Orthodox,Cruiserweight,Cruiserweight,1,1.0,0.0
Logan Paul,Dillon Danis,193,188,188,183,190.0,190.0,30,32,1,0,1,1,0,0,2.0,1.0,0.5,0.0,0.0,0.0,1.0,0.0,1.0,0.0,240,365,22,20,7,5,12,18,48.0,42.0,0.3,0.1,3,2,Orthodox,Southpaw,Cruiserweight,Cruiserweight,0,0.0,1.0
Jake Paul,AnEsonGib,185,180,185,175,188.0,188.0,28,29,10,1,1,2,0,0,11.0,3.0,0.91,0.33,0.6,1.0,4.0,1.0,0.8,1.0,150,210,30,26,15,10,10,14,52.0,46.0,0.5,0.3,5,3,Orthodox,Orthodox,Cruiserweight,Cruiserweight,0,0.0,1.0
Deji,Alex Wassabi,170,178,170,178,170.0,170.0,28,35,1,1,3,0,0,0,4.0,1.0,0.25,1.0,0.0,0.0,1.0,1.0,1.0,1.0,200,300,24,23,9,8,16,15,44.0,45.0,0.2,0.2,2,2,Orthodox,Orthodox,Welterweight,Welterweight,0,1.0,1.0
KSI,Logan Paul,183,193,183,188,183.0,190.0,32,30,4,1,1,1,1,0,6.0,2.0,0.67,0.5,0.25,0.0,2.0,1.0,0.67,1.0,210,240,25,22,8,7,15,12,45.0,48.0,0.4,0.3,4,3,Orthodox,Orthodox,Cruiserweight,Cruiserweight,0,0.0,1.0
Salt Papi,Anthony Taylor,175,173,173,170,178.0,178.0,30,36,4,3,1,5,0,0,5.0,8.0,0.8,0.38,0.5,0.13,3.0,2.0,0.75,0.4,150,180,28,29,11,10,13,15,50.0,49.0,0.4,0.4,4,4,Southpaw,Orthodox,Cruiserweight,Cruiserweight,0,0.0,1.0
Slim Albaher,Idris Virgo,188,185,185,183,185.0,185.0,30,32,7,12,0,0,0,1,7.0,13.0,1.0,0.92,0.71,0.33,5.0,5.0,1.0,1.0,120,120,29,31,10,11,11,10,51.0,53.0,0.5,0.6,5,6,Orthodox,Orthodox,LightHeavyweight,LightHeavyweight,0,0.0,1.0
King Kenny,FaZe Temperrr,188,196,185,193,185.0,185.0,27,31,4,2,2,3,0,0,6.0,5.0,0.67,0.4,0.25,0.5,3.0,1.0,0.6,0.5,180,200,26,24,9,9,14,16,48.0,46.0,0.3,0.3,3,3,Orthodox,Southpaw,Cruiserweight,Cruiserweight,0,1.0,1.0
Jarvis,Whindersson Nunes,173,178,170,175,150.0,175.0,23,30,2,2,1,1,0,1,3.0,4.0,0.67,0.5,0.5,0.25,2.0,2.0,1.0,0.5,150,210,27,26,12,11,12,13,50.0,49.0,0.3,0.4,3,4,Orthodox,Southpaw,Lightweight,Cruiserweight,0,0.0,0.0
Le'Veon Bell,Austin McBroom,188,185,185,183,205.0,190.0,33,33,1,1,1,1,0,0,2.0,2.0,0.5,0.5,1.0,1.0,1.0,1.0,1.0,1.0,300,300,20,22,5,6,18,17,40.0,42.0,0.1,0.2,2,2,Southpaw,Orthodox,Heavyweight,Cruiserweight,0,0.0,0.0
AnEsonGib,Salt Papi,180,175,175,173,180.0,178.0,30,30,1,4,2,1,0,0,3.0,5.0,0.33,0.8,1.0,0.5,1.0,3.0,1.0,0.75,210,150,26,28,10,11,14,13,46.0,50.0,0.3,0.4,3,4,Orthodox,Southpaw,Cruiserweight,Cruiserweight,0,0.0,0.0
Deen TheGreat,Walid Sharks,170,173,168,170,140.0,140.0,23,23,4,2,0,1,0,0,4.0,3.0,1.0,0.67,0.25,0.5,4.0,2.0,1.0,1.0,120,150,30,28,14,12,10,12,55.0,52.0,0.4,0.3,4,3,Orthodox,Orthodox,Lightweight,Lightweight,0,0.0,1.0
Paige VanZant,Elle Brooke,163,165,163,163,125.0,125.0,31,27,2,1,1,0,0,0,3.0,1.0,0.67,1.0,0.5,1.0,2.0,1.0,1.0,1.0,365,180,28,30,10,12,12,10,50.0,53.0,0.4,0.2,3,2,Orthodox,Orthodox,Flyweight,Flyweight,0,0.0,1.0
Jake Paul,Nate Diaz,185,193,185,183,185.0,185.0,28,40,10,0,1,1,0,0,11.0,1.0,0.91,0.0,0.6,0.0,4.0,0.0,0.8,0.0,150,365,30,32,15,14,10,12,52.0,54.0,0.5,0.8,5,8,Orthodox,Southpaw,Cruiserweight,Cruiserweight,0,0.0,1.0
Tommy Fury,Tyron Woodley,203,191,185,175,183.0,190.0,26,43,10,0,0,3,0,0,10.0,3.0,1.0,0.0,0.4,0.0,5.0,0.0,1.0,0.0,120,365,30,28,12,9,10,14,55.0,50.0,0.6,0.8,6,8,Orthodox,Orthodox,Cruiserweight,Cruiserweight,0,0.0,1.0
Luis Pineda,BDave,178,175,178,175,165.0,165.0,23,28,0,0,3,1,0,0,3.0,1.0,0.0,0.0,0.0,0.0,0.0,0.0,0.0,0.0,150,200,25,20,10,15,18,15,40.0,45.0,0.0,0.0,0,0,Orthodox,Orthodox,Lightweight,Lightweight,0,0.0,1.0
Astrid Wett,Kendra Lust,160,165,160,163,115.0,120.0,24,45,2,0,0,0,0,0,2.0,0.0,1.0,0.0,1.0,0.0,2.0,0.0,1.0,0.0,100,500,20,15,8,7,10,12,45.0,55.0,0.2,0.1,2,0,Orthodox,Orthodox,Bantamweight,Bantamweight,0,0.0,1.0
Jay Swingler,NichLMAO,175,180,175,178,160.0,155.0,24,25,1,0,0,0,0,0,1.0,0.0,1.0,0.0,1.0,0.0,1.0,0.0,1.0,0.0,200,150,25,20,12,10,15,12,45.0,40.0,0.1,0.0,1,0,Orthodox,Orthodox,Middleweight,Middleweight,0,0.0,1.0
Salt Papi,Josh Brueckner,175,183,173,180,178.0,185.0,30,33,4,1,1,1,0,0,5.0,2.0,0.8,0.5,0.5,0.5,3.0,1.0,0.75,0.5,150,200,28,25,11,10,13,15,50.0,50.0,0.4,0.4,4,2,Southpaw,Orthodox,Cruiserweight,Cruiserweight,0,0.0,1.0
Chase DeMoor,Stevie Knight,193,185,193,183,230.0,200.0,26,24,0,3,0,1,0,0,0.0,4.0,0.0,0.25,0.0,0.0,0.0,0.0,0.0,0.0,180,150,15,25,8,12,20,10,30.0,55.0,0.0,0.1,0,1,Orthodox,Orthodox,Heavyweight,Heavyweight,0,0.0,0.0
Wassabi Lmao,Luis Pineda,178,178,178,178,170.0,165.0,24,23,0,0,0,3,0,0,0.0,3.0,0.0,0.0,0.0,0.0,0.0,0.0,0.0,0.0,200,150,20,25,10,12,15,10,40.0,45.0,0.0,0.0,0,0,Orthodox,Orthodox,Welterweight,Lightweight,0,0.0,1.0
FaZe Temperrr,Overtflow,196,180,193,178,185.0,175.0,31,25,2,3,0,0,0,0,2.0,3.0,0.67,0.0,0.5,0.0,1.0,0.0,0.5,0.0,200,100,25,18,10,8,15,10,40.0,35.0,0.2,0.1,2,0,Southpaw,Orthodox,Cruiserweight,LightHeavyweight,0,0.0,1.0
Swarmz,Ryan Taylor,178,175,175,170,165.0,160.0,27,25,0,2,0,1,0,0,0.0,2.0,0.0,0.0,0.0,0.0,0.0,0.0,0.0,0.0,180,180,15,20,8,10,12,15,35.0,40.0,0.0,0.0,0,0,Orthodox,Orthodox,Lightweight,Lightweight,0,0.0,1.0
Deen TheGreat,Pully Arif,170,175,168,173,140.0,155.0,23,24,4,2,0,1,0,0,4.0,3.0,1.0,0.67,0.25,0.5,4.0,2.0,1.0,1.0,120,150,30,28,14,12,10,12,55.0,52.0,0.4,0.3,4,3,Orthodox,Orthodox,Lightweight,Lightweight,0,0.0,1.0
Deji,Fousey,170,185,170,183,170.0,180.0,28,33,1,1,3,0,0,0,4.0,1.0,0.25,1.0,0.0,0.0,1.0,1.0,1.0,1.0,200,300,24,23,9,8,16,15,44.0,45.0,0.2,0.2,2,2,Orthodox,Orthodox,Welterweight,Cruiserweight,0,0.0,1.0
Chris Avila,Paul Bamba,178,175,178,175,175.0,175.0,30,34,0,0,0,1,0,0,0.0,1.0,0.0,0.0,0.0,0.0,0.0,0.0,0.0,0.0,150,180,25,20,10,8,15,12,45.0,40.0,0.0,0.0,0,0,Orthodox,Orthodox,Cruiserweight,Cruiserweight,0,0.0,1.0
Elle Brooke,AJ Bunker,165,163,163,163,125.0,125.0,27,28,1,2,0,1,0,0,1.0,3.0,1.0,0.67,1.0,0.5,1.0,2.0,1.0,1.0,180,365,30,28,12,10,10,12,53.0,50.0,0.2,0.4,2,3,Orthodox,Orthodox,Flyweight,Flyweight,0,0.0,1.0
